csmiles,name,n_rec,logkp,logkp_min,logkp_max,n_src,n_ref,analgesic,MW,logP,MR,TPSA,HBD,HBA,RotB,AromRings,Rings,HeavyAtoms,FracCSP3,LabuteASA,BalabanJ,BertzCT,HeteroAtoms,pka_acid,pka_base,frac_anion,frac_cation,frac_ionized,frac_neutral,ion_class
BrC(Br)Br,Bromoform,1,-4.234,-4.234,-4.234,1,1,False,252.731,2.4547,30.569,0.0,0,0,0,0,0,4,1.0,50.34189384475364,2.3237900077244498,8.0,3,,,0.0,0.0,0.0,1.0,neutral
BrCc1ccccc1,Benzyl bromide,2,-5.335000000000001,-5.448,-5.222,1,1,False,171.037,2.5815,39.07300000000002,0.0,0,0,1,1,1,8,0.1428571428571428,57.66389283953493,2.8320858350070908,145.73281445033504,1,,,0.0,0.0,0.0,1.0,neutral
Br[C@@H]1CC[C@@H](Br)[C@@H](Br)CC[C@@H](Br)[C@@H](Br)CC[C@H]1Br,β-Hexabromocyclododecane,1,-7.389,-7.389,-7.389,1,1,False,641.6999999999999,6.921600000000004,103.99200000000005,0.0,0,0,0,0,1,18,1.0,160.95306876651117,2.612152805754491,174.56842503028858,6,,,0.0,0.0,0.0,1.0,neutral
Br[C@@H]1CC[C@@H](Br)[C@@H](Br)CC[C@H](Br)[C@H](Br)CC[C@H]1Br,γ-Hexabromocyclododecane,1,-7.42,-7.42,-7.42,1,1,False,641.6999999999999,6.921600000000004,103.99200000000005,0.0,0,0,0,0,1,18,1.0,160.95306876651117,2.612152805754491,174.56842503028858,6,,,0.0,0.0,0.0,1.0,neutral
Br[C@@H]1CC[C@H](Br)[C@H](Br)CC[C@@H](Br)[C@@H](Br)CC[C@H]1Br,α-Hexabromocyclododecane,1,-7.222,-7.222,-7.222,1,1,False,641.6999999999999,6.921600000000004,103.99200000000005,0.0,0,0,0,0,1,18,1.0,160.95306876651117,2.612152805754491,174.56842503028858,6,,,0.0,0.0,0.0,1.0,neutral
C(CCCOCC1CO1)CCOCC1CO1,"1,6-hexanediol diglycidyl ether",1,-7.423,-7.423,-7.423,1,1,False,230.30399999999997,1.3776,59.586000000000055,43.52,0,4,11,0,2,16,1.0,97.1961328971613,1.217409947370139,157.85757378684062,4,,,0.0,0.0,0.0,1.0,neutral
C/C=C/c1ccc(O)c(OC)c1,Isoeugenol,2,-5.117,-5.265,-4.969,1,1,False,164.20399999999998,2.4339000000000004,49.366800000000026,29.46,1,2,2,1,1,12,0.2,72.10934752660204,3.0458289647057475,289.8900954855593,2,,,0.0,0.0,0.0,1.0,neutral
C=C(CC)C(=O)c1ccc(OCC(=O)O)c(Cl)c1Cl,Ethacrynic acid,1,-7.38,-7.38,-7.38,1,1,False,303.141,3.6057000000000015,73.35430000000004,63.60000000000001,1,3,6,1,1,19,0.2307692307692307,120.13375052364272,3.0691765104126856,537.6899088554333,6,,,0.0,0.0,0.0,1.0,neutral
C=CC(=O)OCC(CC)CCCC,2-Ethylhexyl acrylate,2,-5.2265,-5.381,-5.072,1,1,False,184.27899999999997,2.9320000000000013,54.462000000000046,26.3,0,2,7,0,0,13,0.7272727272727273,80.97413646916202,3.5789305606878026,152.16926858274718,2,,,0.0,0.0,0.0,1.0,neutral
C=CCOc1ccccc1OCC(O)CNC(C)C,Oxprenolol,1,-6.369,-6.369,-6.369,1,1,False,265.35299999999995,1.9891,76.77450000000005,50.72,2,4,9,1,1,19,0.4666666666666667,114.59746551169998,2.449000812238064,379.4083655141889,4,,8.159107682388349,0.0,0.8516890021589267,0.8516890021589267,0.14831099784107327,base
C=CCc1ccc(O)c(OC)c1,Eugenol,2,-5.147,-5.182,-5.112,1,1,False,164.20399999999995,2.1293,48.55980000000003,29.46,1,2,3,1,1,12,0.2,72.10934752660204,2.959559547224779,279.16711032401867,2,,,0.0,0.0,0.0,1.0,neutral
CC(=O)/C=C/c1ccccc1,Benzylideneacetone,2,-4.7845,-4.894,-4.675,1,1,False,146.189,2.2888,46.157000000000025,17.07,0,1,2,1,1,11,0.1,66.3630906449429,2.7217735540687813,259.461083124702,1,,,0.0,0.0,0.0,1.0,neutral
CC(=O)C(Cl)(Cl)Cl,"1,1,1-Trichloropropanone",1,-5.176,-5.176,-5.176,1,1,False,161.41500000000002,1.9456,30.971,17.07,0,1,0,0,0,7,0.6666666666666666,56.54045603731155,3.7911184170869663,82.67103446305711,4,,,0.0,0.0,0.0,1.0,neutral
CC(=O)C(Cl)Cl,"1,1-Dichloropropanone",1,-4.923,-4.923,-4.923,1,1,False,126.97,1.3791,26.175,17.07,0,1,1,0,0,6,0.6666666666666666,46.23718981042988,3.2575861612334887,59.813537528125096,3,,,0.0,0.0,0.0,1.0,neutral
CC(=O)Nc1ccc2c(c1)Cc1ccccc1-2,2-(Acetylamino)fluorene,2,-4.695,-4.726,-4.664,1,1,False,223.275,3.216200000000001,68.98770000000003,29.1,1,1,1,2,3,17,0.1333333333333333,100.2888767988734,2.0368668949211246,601.6208569648081,2,,8.159107682388349,0.0,0.8516890021589267,0.8516890021589267,0.14831099784107327,base
CC(=O)Nc1ccn([C@@H]2O[C@H](CO)[C@H](O)[C@@H]2O)c(=O)n1,"N4-acetyl-4-amino-1-[(2R,3S,4R,5R)-3,4-dihydroxy-5 (hydroxymethyl)oxolan-2-yl] pyrimidin-2-one",1,-6.889,-6.889,-6.889,1,1,False,285.25600000000003,-2.1867999999999994,65.81010000000002,133.91000000000005,4,7,3,1,2,20,0.5454545454545454,112.99858708502283,2.2568695073375555,559.334598175592,9,4.3535441240733945,8.159107682388349,0.9991022527937372,0.8516890021589267,0.9991022527937372,0.0008977472062627889,ampholyte
CC(=O)O,Acetic acid,1,-6.079,-6.079,-6.079,1,1,False,60.05200000000001,0.0908999999999999,13.3098,37.3,1,1,0,0,0,4,0.5,24.05994899446593,2.8030394876740514,27.019550008653876,2,,,0.0,0.0,0.0,1.0,neutral
CC(=O)OCC(=O)[C@@]12OC(C)(C)O[C@@H]1C[C@H]1[C@@H]3C[C@H](F)C4=CC(=O)C=C[C@]4(C)[C@@]3(F)[C@@H](O)C[C@@]12C,Fluocinonide,2,-6.326,-6.326,-6.326,1,1,False,494.5310000000002,2.937600000000001,118.42480000000003,99.13,1,7,3,0,5,35,0.7307692307692307,202.4049486024305,1.6192822666100477,1067.9185340705917,9,,,0.0,0.0,0.0,1.0,neutral
CC(=O)OC[C@]12C[C@H](OC(=O)CC(C)C)C(C)=C[C@H]1O[C@@H]1[C@H](O)[C@@H](OC(C)=O)[C@@]2(C)[C@]12CO2,T-2 toxin,2,-7.772,-7.773,-7.771,1,2,False,466.5270000000002,1.6926999999999996,113.78680000000004,120.89,1,9,6,0,4,33,0.7916666666666666,193.26651821251204,1.7949944485066744,875.1606718782053,9,,,0.0,0.0,0.0,1.0,neutral
CC(=O)Oc1ccccc1C(=O)O,Acetylsalicylic Acid,1,-5.696,-5.696,-5.696,1,1,True,180.159,1.3101,44.71030000000002,63.60000000000001,1,3,2,1,1,13,0.1111111111111111,74.75705264447721,3.0435273546341013,343.2228677267164,4,,,0.0,0.0,0.0,1.0,neutral
CC(=O)[C@@]1(O)CC[C@H]2[C@@H]3CCC4=CC(=O)CC[C@]4(C)[C@H]3CC[C@@]21C,17-Hydroxyprogesterone,1,-6.778,-6.778,-6.778,1,1,False,330.4680000000001,3.8384000000000023,92.34080000000006,54.37,1,3,1,0,4,24,0.8095238095238095,144.4424436217441,1.6975828976870395,634.995115124503,3,,,0.0,0.0,0.0,1.0,neutral
CC(=O)[C@H]1CC[C@H]2[C@@H]3CC=C4CC(O)(O)CC[C@]4(C)[C@H]3CC[C@]12C,Hydroxypregnenolone,1,-6.778,-6.778,-6.778,1,1,False,332.4840000000001,3.835300000000004,93.04260000000004,57.53,2,3,1,0,4,24,0.8571428571428571,145.07515527389634,1.6600074705105132,591.891277323464,3,,,0.0,0.0,0.0,1.0,neutral
CC(=O)[C@H]1CC[C@H]2[C@@H]3CC=C4C[C@@H](O)CC[C@]4(C)[C@H]3CC[C@]12C,Pregnenolone,1,-6.38,-6.38,-6.38,1,1,False,316.48500000000007,4.515300000000004,91.88080000000004,37.3,1,2,1,0,4,23,0.8571428571428571,140.28092152170035,1.6619631243467547,550.0448238342481,2,,,0.0,0.0,0.0,1.0,neutral
CC(=O)[C@H]1CC[C@H]2[C@@H]3CCC4=CC(=O)CC[C@]4(C)[C@H]3CC[C@]12C,Progesterone,5,-5.442,-7.741,-5.079,2,5,False,314.46900000000005,4.723500000000005,90.88100000000006,34.14,0,2,1,0,4,23,0.8095238095238095,139.6482098695481,1.6696033124820626,588.6489897976311,2,,,0.0,0.0,0.0,1.0,neutral
CC(=O)c1ccccc1,Acetophenone,2,-5.124499999999999,-5.133,-5.116,1,1,False,120.15099999999995,1.8892,36.44650000000001,17.07,0,1,1,1,1,9,0.125,54.32280944833394,2.981454614041131,201.06743705866424,1,,,0.0,0.0,0.0,1.0,neutral
CC(C(=O)O)c1ccc(-c2ccccc2)c(F)c1,Flurbiprofen,1,-5.331,-5.331,-5.331,1,1,True,244.265,3.6808000000000014,67.88680000000002,37.3,1,1,3,2,2,18,0.1333333333333333,104.70461492391684,2.4013638717125736,563.9612141459352,3,,,0.0,0.0,0.0,1.0,neutral
CC(C(=O)O)c1ccc2c(c1)Cc1cccnc1O2,Pranoprofen,1,-6.973,-6.973,-6.973,1,1,True,255.273,2.9662000000000006,69.60980000000004,59.42,1,3,2,2,3,19,0.2,110.23138369231135,1.982359796493996,651.588988374735,4,4.3535441240733945,,0.9991022527937372,0.0,0.9991022527937372,0.0008977472062627889,acid
CC(C(=O)O)c1cccc(C(=O)c2ccccc2)c1,Ketoprofen,3,-6.768,-7.176,-6.151,2,3,True,254.285,3.105700000000001,72.36730000000003,54.37,1,2,4,2,2,19,0.125,111.065543735431,2.340041731439612,602.4009276194483,3,,,0.0,0.0,0.0,1.0,neutral
CC(C(=O)OC[C@H]1OC(O)[C@@H](O)[C@@H](O)[C@@H]1O)c1ccc(-c2ccccc2)c(F)c1,Flurbiprofen mannoside,1,-6.935,-6.935,-6.935,1,1,True,406.4060000000001,0.9393000000000002,100.11020000000003,116.45000000000002,4,7,5,2,3,29,0.3809523809523809,166.498228172369,1.6372710911898087,844.1781829133309,8,,,0.0,0.0,0.0,1.0,neutral
CC(C(=O)OC[C@H]1OC(O)[C@@H](O)[C@@H](O)[C@@H]1O)c1cccc(C(=O)c2ccccc2)c1,Ketoprofen mannoside,1,-7.594,-7.594,-7.594,1,1,True,416.42600000000016,0.3642000000000001,104.5907,133.52,4,8,6,2,3,30,0.3636363636363636,172.85915698388314,1.6433904488066882,883.7160881505026,8,,,0.0,0.0,0.0,1.0,neutral
CC(C(=O)OC[C@H]1OC(O)[C@H](O)[C@@H](O)[C@@H]1O)c1ccc(-c2ccccc2)c(F)c1,Flurbiprofen glucoside,1,-6.477,-6.477,-6.477,1,1,True,406.4060000000001,0.9393000000000002,100.11020000000003,116.45000000000002,4,7,5,2,3,29,0.3809523809523809,166.498228172369,1.6372710911898087,844.1781829133309,8,,,0.0,0.0,0.0,1.0,neutral
CC(C(=O)OC[C@H]1OC(O)[C@H](O)[C@@H](O)[C@@H]1O)c1cccc(C(=O)c2ccccc2)c1,Ketoprofen glucoside,1,-7.731,-7.731,-7.731,1,1,True,416.42600000000016,0.3642000000000001,104.5907,133.52,4,8,6,2,3,30,0.3636363636363636,172.85915698388314,1.6433904488066882,883.7160881505026,8,,,0.0,0.0,0.0,1.0,neutral
CC(C)(C)c1ccccc1O,o-t-Butylphenol,1,-4.685,-4.685,-4.685,1,1,False,150.22099999999998,2.689700000000001,46.80680000000004,20.23,1,1,0,1,1,11,0.4,67.6854053292794,3.1411091905317954,245.29484428381988,1,,,0.0,0.0,0.0,1.0,neutral
CC(C)(c1cc(Br)c(O)c(Br)c1)c1cc(Br)c(O)c(Br)c1,Tetrabromobisphenol A,1,-6.145,-6.145,-6.145,1,1,False,543.875,6.4737000000000045,99.1416,40.46,2,2,2,2,2,21,0.2,156.64198159570824,2.614907029381243,605.3051847914574,6,,,0.0,0.0,0.0,1.0,neutral
CC(C)(c1ccc(O)cc1)c1ccc(O)cc1,Bisphenol A,2,-7.7385,-7.889,-7.588,1,1,False,228.291,3.423700000000002,68.34160000000003,40.46,2,2,2,2,2,17,0.2,101.17179117314286,2.412580781491558,447.9499584541679,2,,,0.0,0.0,0.0,1.0,neutral
CC(C)(c1ccc(OCC2CO2)cc1)c1ccc(OCC2CO2)cc1,Bisphenol A diglycidyl ether,1,-9.875,-9.875,-9.875,1,1,False,340.4190000000001,3.567700000000002,95.48200000000006,43.52,0,4,8,2,4,25,0.4285714285714285,148.21549496609953,1.412414127527279,636.1808377852377,4,,,0.0,0.0,0.0,1.0,neutral
CC(C)=CCC/C(C)=C/CO,Geraniol,2,-4.766500000000001,-4.963,-4.57,1,1,False,154.253,2.6714000000000016,49.50780000000003,20.23,1,1,4,0,0,11,0.6,69.43875774522651,3.54438743137085,150.25571236699292,1,,,0.0,0.0,0.0,1.0,neutral
CC(C)CCC(=O)O,4-Methylvaleric acid,2,-6.247,-6.358,-6.136,1,1,False,116.15999999999998,1.5072,31.70779999999998,37.3,1,1,3,0,0,8,0.8333333333333334,49.51971745205236,3.0500782919131915,76.59772060569361,2,,,0.0,0.0,0.0,1.0,neutral
CC(C)Cc1ccc(C(C)C(=O)O)cc1,Ibuprofen,6,-5.7620000000000005,-6.244,-4.996,2,5,True,206.285,3.073200000000001,61.03480000000004,37.3,1,1,4,1,1,15,0.4615384615384615,90.94175377251302,2.7590371332701524,324.8941190021566,2,,,0.0,0.0,0.0,1.0,neutral
CC(C)Cc1ccc(C(C)C(=O)OC[C@H]2OC(O)[C@@H](O)[C@@H](O)[C@@H]2O)cc1,Ibuprofen mannoside,1,-6.548,-6.548,-6.548,1,1,True,368.426,0.3316999999999994,93.25820000000004,116.45000000000002,4,7,6,1,2,26,0.631578947368421,152.7353670209652,1.9048823423774293,586.0553617200244,7,,,0.0,0.0,0.0,1.0,neutral
CC(C)Cc1ccc(C(C)C(=O)OC[C@H]2OC(O)[C@H](O)[C@@H](O)[C@@H]2O)cc1,Ibuprofen glucoside,1,-6.945,-6.945,-6.945,1,1,True,368.426,0.3316999999999994,93.25820000000004,116.45000000000002,4,7,6,1,2,26,0.631578947368421,152.7353670209652,1.9048823423774293,586.0553617200244,7,,,0.0,0.0,0.0,1.0,neutral
CC(C)NCC(O)COc1ccc(CC(N)=O)cc1,Atenolol,2,-6.3105,-7.857,-4.764,1,2,False,266.34099999999995,0.4521,73.98090000000003,84.57999999999998,3,4,8,1,1,19,0.5,113.30999399703728,2.346203475304779,390.18247960279086,5,,8.159107682388349,0.0,0.8516890021589267,0.8516890021589267,0.14831099784107327,base
CC(C)NCC(O)COc1ccc(COCCOC(C)C)cc1,Bisoprolol Fumarate,1,-7.125,-7.125,-7.125,1,1,False,325.449,2.3659,91.82650000000008,59.95,2,5,12,1,1,23,0.6666666666666666,139.49544011658094,2.197160040297925,405.9875417580352,5,,8.159107682388349,0.0,0.8516890021589267,0.8516890021589267,0.14831099784107327,base
CC(C)NCC(O)COc1cccc2ccccc12,Propranolol-HCl,3,-6.306,-7.879,-4.705,1,3,False,259.34900000000005,2.577500000000001,78.58850000000005,41.49,2,3,6,2,2,19,0.375,113.76036150292278,1.977941782307114,519.6427894422644,3,,8.159107682388349,0.0,0.8516890021589267,0.8516890021589267,0.14831099784107327,base
CC(C)OCCO,Ethylene glycol mono isopropyl ether,2,-7.019,-7.125,-6.913,1,1,False,104.149,0.4037,28.173799999999986,29.46,1,2,3,0,0,7,1.0,44.10679846711887,2.6782577431647265,35.06139398862029,2,,,0.0,0.0,0.0,1.0,neutral
CC(C)[C@H](NC(=O)[C@@H]1CCCN1C(=O)[C@H](C)NC(=O)[C@H](C)N)C(=O)O,AAPV,1,-7.38,-7.38,-7.38,1,1,False,356.42300000000006,-0.9452999999999948,90.39360000000003,141.82999999999998,4,5,7,0,1,25,0.75,146.84732247705267,2.772371777801921,534.6181163276292,9,,8.159107682388349,0.0,0.8516890021589267,0.8516890021589267,0.14831099784107327,base
CC(N)Cc1ccccc1,Amphetamine,2,-6.493,-8.409,-4.577,1,1,False,135.20999999999998,1.5763,43.79540000000002,26.02,1,1,2,1,1,10,0.3333333333333333,61.86612015969951,2.5872871851548136,179.17957141667625,1,,8.159107682388349,0.0,0.8516890021589267,0.8516890021589267,0.14831099784107327,base
CC(O)C(C)O,"2,3-Butanediol",2,-7.857,-7.857,-7.857,1,2,False,90.122,-0.252,23.3616,40.46,2,2,1,0,0,6,1.0,37.4225448754114,2.993497243478473,26.52932501298081,2,,,0.0,0.0,0.0,1.0,neutral
CC(O)COC(=O)c1cccnc1,2-Hydroxypropyl Nicotinate,1,-8.025,-8.025,-8.025,1,1,False,181.191,0.6192,46.200300000000034,59.42,1,4,3,1,1,13,0.3333333333333333,76.18012063977656,2.497784440161192,271.44812008925527,4,4.3535441240733945,,0.9991022527937372,0.0,0.9991022527937372,0.0008977472062627889,acid
CC/C=C/C/C=C/C/C=C/CCCCCCCC(=O)O,Linolenic acid,1,-5.988,-5.988,-5.988,1,1,False,278.4359999999999,5.660500000000005,86.89980000000006,37.3,1,1,13,0,0,20,0.6111111111111112,123.83021372825894,3.2329128954416952,300.5400831157719,2,,,0.0,0.0,0.0,1.0,neutral
CC1(C)O[C@@H]2C[C@H]3[C@@H]4CCC5=CC(=O)C=C[C@]5(C)[C@@]4(F)[C@@H](O)C[C@]3(C)[C@]2(C(=O)CO)O1,Triamcinolone acetonide,1,-8.251,-8.251,-8.251,1,1,False,434.50400000000025,2.4188000000000005,108.59860000000003,93.06,2,6,2,0,5,31,0.75,181.0286953933564,1.6368996691130526,925.0303087134428,7,,,0.0,0.0,0.0,1.0,neutral
CC12CCC(=O)C=C1CCC1C2CCC2(C)C1CCC2(O)C(=O)CO,Cortexolone,1,-7.681,-7.681,-7.681,1,1,False,346.4670000000001,2.8108000000000017,93.75260000000004,74.6,2,4,2,0,4,25,0.8095238095238095,149.2366773739401,1.6812596629712615,652.2814901364658,4,,,0.0,0.0,0.0,1.0,neutral
CC1=C2C(=CO[C@H](C)[C@H]2C)C(=O)C(C(=O)O)=C1O,Citrinin,2,-6.887,-6.887,-6.887,1,2,False,250.24999999999997,1.721,62.79160000000002,83.83000000000001,2,4,1,0,2,18,0.3846153846153846,104.0631419309641,2.69225093198658,535.5848579389813,5,,,0.0,0.0,0.0,1.0,neutral
CC1=CC(=O)C(C(C)C)=CC1=O,Thymoquinone,3,-6.459,-6.602,-5.813,1,1,False,164.20399999999998,1.6669,46.69200000000002,34.14,0,2,1,0,1,12,0.4,71.96173703958881,3.0118928453875435,292.9604403037665,2,,,0.0,0.0,0.0,1.0,neutral
CCC(=O)N(c1ccccc1)C1(COC)CCN(CCc2cccs2)CC1,Sufentanil,11,-5.374,-6.894,-5.018,1,2,True,386.56100000000015,4.214800000000004,112.52300000000008,32.78,0,4,8,2,3,27,0.5,166.29706948515997,1.7351879046800742,694.3675613200569,5,,8.159107682388349,0.0,0.8516890021589267,0.8516890021589267,0.14831099784107327,base
CCC(=O)N(c1ccccc1)C1CCN(CCc2ccccc2)CC1,Fentanyl,15,-5.705,-9.477,-5.013,2,4,True,336.47900000000004,4.136700000000004,103.82700000000008,23.550000000000004,0,2,6,2,3,25,0.4090909090909091,150.81327675644835,1.5676321318584887,648.2421416714782,3,,8.159107682388349,0.0,0.8516890021589267,0.8516890021589267,0.14831099784107327,base
CCC(=O)OCC(=O)[C@@]1(O)CC[C@H]2[C@@H]3CCC4=CC(=O)CC[C@]4(C)[C@H]3[C@@H](O)C[C@@]21C,Hydrocortisone 21-propionate,2,-6.0315,-6.038,-6.025,1,1,False,418.53000000000026,2.7425000000000006,109.30660000000005,100.90000000000002,2,6,4,0,4,30,0.7916666666666666,177.60657104668056,1.6232564730056491,801.5178666019365,6,,,0.0,0.0,0.0,1.0,neutral
CCC(C)=O,Butan-2-one,2,-5.903,-5.903,-5.903,1,2,False,72.10699999999999,0.9854,20.971999999999998,17.07,0,1,1,0,0,5,0.75,31.995599471063137,2.847378923087672,38.912609383243264,1,,,0.0,0.0,0.0,1.0,neutral
CCC1(CC)C(=O)NC(=O)NC1=O,Barbital,1,-7.509,-7.509,-7.509,1,1,False,184.195,0.1587999999999999,44.69640000000001,75.27000000000001,2,3,2,0,1,13,0.625,75.87230534242397,3.0073639750208327,246.56270446889653,5,,8.159107682388349,0.0,0.8516890021589267,0.8516890021589267,0.14831099784107327,base
CCC1(CCC(C)C)C(=O)NC(=O)NC1=O,Amobarbital,1,-6.201,-6.201,-6.201,1,1,False,226.276,1.1849999999999998,58.47740000000003,75.27000000000001,2,3,4,0,1,16,0.7272727272727273,94.9671316856138,2.8717018629932234,303.19136469282626,5,,8.159107682388349,0.0,0.8516890021589267,0.8516890021589267,0.14831099784107327,base
CCC1(c2ccccc2)C(=O)NC(=O)NC1=O,Phenobarbital,1,-6.9,-6.9,-6.9,1,1,False,232.23899999999995,0.7004,60.092400000000026,75.27000000000001,2,3,2,1,2,17,0.25,98.1995153196948,2.535973053206109,461.78392534517104,5,,8.159107682388349,0.0,0.8516890021589267,0.8516890021589267,0.14831099784107327,base
CCCC(C)(O)C1CC23C=CC1(OC)C1Oc4c(O)ccc5c4C12CCN(C)C3C5,Etorphine,1,-6.0,-6.0,-6.0,1,1,True,411.5420000000002,3.163600000000001,113.89160000000004,62.16,2,5,4,1,7,30,0.68,178.22193612681127,1.66002680692827,956.7121687334628,5,,8.159107682388349,0.0,0.8516890021589267,0.8516890021589267,0.14831099784107327,base
CCCCC(=O)OC1(C(=O)CO)C(C)CC2C3CCC4=CC(=O)C=CC4(C)C3(F)C(O)CC21C,Betamethasone-17-valerate,2,-6.0105,-6.496,-5.525,1,2,False,476.58500000000026,3.6368000000000023,123.34260000000006,100.90000000000002,2,6,6,0,4,34,0.7407407407407407,200.1773297606124,1.7985953894529,956.7669810831956,7,,,0.0,0.0,0.0,1.0,neutral
CCCCC(CC)CO,2-Ethylhexanol,1,-7.899,-7.899,-7.899,1,1,False,130.231,2.1951000000000005,40.3918,20.23,1,1,5,0,0,9,1.0,58.08807958080181,3.092246194602392,48.52932501298081,1,,,0.0,0.0,0.0,1.0,neutral
CCCCC(CC)COC(=O)c1ccccc1C(=O)OCC(CC)CCCC,Bis(2-ethylhexyl)phthalate,3,-8.8,-10.535,-7.653,1,3,False,390.5640000000003,6.433000000000007,113.61900000000009,52.60000000000001,0,4,14,1,1,28,0.6666666666666666,170.55049583773723,2.690590456464838,530.7228097510646,4,,,0.0,0.0,0.0,1.0,neutral
CCCCC/C=C/C=C/C(=O)NCC(C)C,Pellitorine,2,-7.516,-7.516,-7.516,1,1,False,223.36,3.4513000000000016,70.26970000000004,29.1,1,1,8,0,0,16,0.6428571428571429,99.81567673426872,3.541478842832304,228.8898405799297,2,,8.159107682388349,0.0,0.8516890021589267,0.8516890021589267,0.14831099784107327,base
CCCCC1(CC)C(=O)NC(=O)NC1=O,Butobarbital,1,-7.268,-7.268,-7.268,1,1,False,212.249,0.9389999999999998,53.93040000000002,75.27000000000001,2,3,4,0,1,15,0.7,88.6021895712172,2.891339554138367,279.04262621960174,5,,8.159107682388349,0.0,0.8516890021589267,0.8516890021589267,0.14831099784107327,base
CCCCCC(=O)Nc1ccn([C@@H]2O[C@H](CO)[C@H](O)[C@@H]2O)c(=O)n1,"N4-hexanoyl-4-amino-1-[(2R,3S,4R,5R)-3,4-dihydroxy-5 (hydroxymethyl)oxolan-2-yl] pyrimidin-2-one",1,-5.737,-5.737,-5.737,1,1,False,341.3640000000001,-0.6263999999999996,84.27810000000002,133.91000000000005,4,7,7,1,2,24,0.6666666666666666,138.45835554260927,2.049076623211912,619.4721067528089,9,4.3535441240733945,8.159107682388349,0.9991022527937372,0.8516890021589267,0.9991022527937372,0.0008977472062627889,ampholyte
CCCCCC(=O)OCC(=O)[C@@]1(O)CC[C@H]2[C@@H]3CCC4=CC(=O)CC[C@]4(C)[C@H]3[C@@H](O)C[C@@]21C,Hydrocortisone 21-Hexanoate,1,-5.301,-5.301,-5.301,1,1,False,460.6110000000003,3.9128000000000034,123.15760000000007,100.90000000000002,2,6,7,0,4,33,0.8148148148148148,196.7013973898704,1.5101097142745723,847.5496434114758,6,,,0.0,0.0,0.0,1.0,neutral
CCCCCCCC(=O)OCC(=O)[C@@]1(O)CC[C@H]2[C@@H]3CCC4=CC(=O)CC[C@]4(C)[C@H]3[C@@H](O)C[C@@]21C,Hydrocortisone 21-octanoate,1,-4.764,-4.764,-4.764,1,1,False,488.6650000000004,4.693000000000006,132.3916,100.90000000000002,2,6,9,0,4,35,0.8275862068965517,209.4312816186636,1.431576769371313,878.3977726997123,6,,,0.0,0.0,0.0,1.0,neutral
CCCCCCCCC(N)C(=O)N(C)[C@@H](C)C(=O)N[C@@H](C)C(=O)N1CCC[C@H]1C(=O)N[C@H](C(=O)O)C(C)C,"C8(D,L)-Laa-AAPV",1,-6.038,-6.038,-6.038,1,1,False,539.7180000000002,1.6323000000000052,144.94459999999992,162.14,4,6,16,0,1,38,0.8148148148148148,226.7830415056625,2.64817572340368,819.7798912289945,11,,8.159107682388349,0.0,0.8516890021589267,0.8516890021589267,0.14831099784107327,base
CCCCCCCCC=CCCCCCCCC(=O)O,Oleic acid,1,-6.442,-6.442,-6.442,1,1,False,282.4679999999999,6.108500000000007,87.08780000000007,37.3,1,1,15,0,0,20,0.8333333333333334,125.20941979262746,3.066157800884338,233.5727213605218,2,,,0.0,0.0,0.0,1.0,neutral
CCCCCCCCCCC(N)C(=O)N(C)[C@@H](C)C(=O)N[C@@H](C)C(=O)N1CCC[C@H]1C(=O)N[C@H](C(=O)O)C(C)C,"C10(D,L)-Laa-AAPV",1,-6.094,-6.094,-6.094,1,1,False,567.7720000000003,2.412500000000006,154.17859999999982,162.14,4,6,18,0,1,40,0.8275862068965517,239.5129257344557,2.5801016894387248,850.7712058680772,11,,8.159107682388349,0.0,0.8516890021589267,0.8516890021589267,0.14831099784107327,base
CCCCCCCCCCCCOCC1CO1,1-Dodecyl glycidyl ether,1,-9.036,-9.036,-9.036,1,1,False,242.40299999999996,4.322700000000004,72.40300000000006,21.76,0,2,13,0,1,17,1.0,107.06969993486663,1.60754922625042,155.00080941905125,2,,,0.0,0.0,0.0,1.0,neutral
CCCCCCCCCCO,1-Decanol,7,-5.515,-9.653,-4.602,1,4,False,158.285,3.119400000000002,49.69580000000003,20.23,1,1,8,0,0,11,1.0,70.81796380959506,2.6909155266923976,53.89311688209828,1,,,0.0,0.0,0.0,1.0,neutral
CCCCCCCCCO,1-Nonanol,3,-4.778,-9.079,-1.778,1,2,False,144.258,2.7293000000000016,45.078800000000015,20.23,1,1,7,0,0,10,1.0,64.45302169519843,2.6476048489438337,44.68995593589281,1,,,0.0,0.0,0.0,1.0,neutral
CCCCCCCCN1CCCC1=O,1-Octyl-2-Pyrrolidone,2,-4.8185,-4.827,-4.81,1,1,False,197.322,2.9693000000000014,59.19000000000005,20.31,0,1,7,0,1,14,0.9166666666666666,87.66913890291015,1.904676693511306,167.70466441100885,2,,8.159107682388349,0.0,0.8516890021589267,0.8516890021589267,0.14831099784107327,base
CCCCCCCCN1CCCCCC1=O,1-Octyl-2-Azacycloheptanone,2,-4.755000000000001,-4.836,-4.674,1,1,False,225.37599999999995,3.749500000000003,68.42400000000005,20.31,0,1,7,0,1,16,0.9285714285714286,100.39902313170336,2.0374163786819577,191.17436284790148,2,,8.159107682388349,0.0,0.8516890021589267,0.8516890021589267,0.14831099784107327,base
CCCCCCCCO,1-Octanol,14,-4.84,-8.556,-1.84,1,8,False,130.23100000000002,2.3392000000000013,40.4618,20.23,1,1,6,0,0,9,1.0,58.08807958080182,2.595082706793886,37.83229392178728,1,,,0.0,0.0,0.0,1.0,neutral
CCCCCCCCOC(=O)c1ccc(O)cc1,Octylparaben,1,-5.588,-5.588,-5.588,1,1,False,250.338,3.909500000000003,71.76530000000004,46.53,1,3,8,1,1,18,0.5333333333333333,108.78518323081312,2.117836776279736,343.2612760189044,3,,,0.0,0.0,0.0,1.0,neutral
CCCCCCCC[C@@H](N)C(=O)N(C)[C@@H](C)C(=O)N[C@@H](C)C(=O)N1CCC[C@H]1C(=O)N[C@H](C(=O)O)C(C)C,C8(D)-Laa-AAPV,1,-5.278,-5.278,-5.278,1,1,False,539.7180000000002,1.6323000000000052,144.94459999999992,162.14,4,6,16,0,1,38,0.8148148148148148,226.7830415056625,2.64817572340368,819.7798912289945,11,,8.159107682388349,0.0,0.8516890021589267,0.8516890021589267,0.14831099784107327,base
CCCCCCCC[C@H](N)C(=O)N(C)[C@@H](C)C(=O)N[C@@H](C)C(=O)N1CCC[C@H]1C(=O)N[C@H](C(=O)O)C(C)C,C8(L)-Laa-AAPV,1,-6.903,-6.903,-6.903,1,1,False,539.7180000000002,1.6323000000000052,144.94459999999992,162.14,4,6,16,0,1,38,0.8148148148148148,226.7830415056625,2.64817572340368,819.7798912289945,11,,8.159107682388349,0.0,0.8516890021589267,0.8516890021589267,0.14831099784107327,base
CCCCCCCO,1-Heptanol,7,-5.051,-8.158,-2.051,1,4,False,116.204,1.9491,35.84479999999999,20.23,1,1,5,0,0,8,1.0,51.723137466405205,2.53006045688352,29.368065554250645,1,,,0.0,0.0,0.0,1.0,neutral
CCCCCCN1CCCC1=O,1-Hexyl-2-Pyrrolidone,1,-5.208,-5.208,-5.208,1,1,False,169.268,2.1891,49.95600000000003,20.31,0,1,5,0,1,12,0.9,74.93925467411692,2.022982494030426,144.7740056622918,2,,8.159107682388349,0.0,0.8516890021589267,0.8516890021589267,0.14831099784107327,base
CCCCCCO,1-Hexanol,13,-5.284,-7.84,-2.442,1,6,False,102.177,1.559,31.22779999999998,20.23,1,1,4,0,0,7,1.0,45.35819535200859,2.447472887876344,23.36099039894992,1,,,0.0,0.0,0.0,1.0,neutral
CCCCCCOC(=O)c1cccnc1,n-Hexyl nicotinate,1,-5.303,-5.303,-5.303,1,1,False,207.273,2.818700000000001,58.66150000000004,39.19,0,3,6,1,1,15,0.5,90.48071323077036,2.195736743827031,284.9334103555799,3,4.3535441240733945,,0.9991022527937372,0.0,0.9991022527937372,0.0008977472062627889,acid
CCCCCC[C@@H](N)C(=O)N(C)[C@@H](C)C(=O)N[C@@H](C)C(=O)N1CCC[C@H]1C(=O)N[C@H](C(=O)O)C(C)C,C6(D)-Laa-AAPV,1,-6.675,-6.675,-6.675,1,1,False,511.6640000000004,0.8521000000000056,135.71059999999997,162.14,4,6,14,0,1,36,0.8,214.05315727686929,2.711139874858893,788.9014798287916,11,,8.159107682388349,0.0,0.8516890021589267,0.8516890021589267,0.14831099784107327,base
CCCCCC[C@H](N)C(=O)N(C)[C@@H](C)C(=O)N[C@@H](C)C(=O)N1CCC[C@H]1C(=O)N[C@H](C(=O)O)C(C)C,C6(L)-Laa-AAPV,1,-7.352,-7.352,-7.352,1,1,False,511.6640000000004,0.8521000000000056,135.71059999999997,162.14,4,6,14,0,1,36,0.8,214.05315727686929,2.711139874858893,788.9014798287916,11,,8.159107682388349,0.0,0.8516890021589267,0.8516890021589267,0.14831099784107327,base
CCCCCO,1-Pentanol,8,-5.778,-7.849,-2.778,1,5,False,88.14999999999999,1.1689,26.61079999999999,20.23,1,1,3,0,0,6,1.0,38.99325323761199,2.3390923149762908,15.900134529890124,1,,,0.0,0.0,0.0,1.0,neutral
CCCCO,1-Butanol,14,-6.079,-7.778,-4.703,1,8,False,74.12299999999999,0.7787999999999999,21.9938,20.23,1,1,2,0,0,5,1.0,32.62831112321538,2.19060968716425,11.119415478763749,1,,,0.0,0.0,0.0,1.0,neutral
CCCCOC(=O)c1ccc(N)cc1,Butyl p-aminobenzoate,3,-4.607,-4.697,-4.41,2,2,True,193.246,2.2257,56.04490000000003,52.32,1,3,4,1,1,14,0.3636363636363636,83.87107171804337,2.4810725342253392,292.660770563408,3,,,0.0,0.0,0.0,1.0,neutral
CCCCOC(=O)c1ccc(O)cc1,Butyl 4-hydroxybenzoat,2,-4.9945,-5.451,-4.538,2,2,False,194.23,2.349100000000001,53.29730000000004,46.53,1,3,4,1,1,14,0.3636363636363636,83.32541477322667,2.4810725342253392,289.90588306124454,3,,,0.0,0.0,0.0,1.0,neutral
CCCCOC(=O)c1ccccc1C(=O)OCCCC,Dibutyl Phthalate,1,-9.195,-9.195,-9.195,1,1,False,278.348,3.600400000000003,76.82300000000005,52.60000000000001,0,4,8,1,1,20,0.5,119.63095892256436,2.7123913375014235,398.85794216890986,4,,,0.0,0.0,0.0,1.0,neutral
CCCCOC(=O)c1cccnc1,Butyl nicotinate,1,-5.335,-5.335,-5.335,1,1,False,179.219,2.0385,49.42750000000003,39.19,0,3,4,1,1,13,0.4,77.75082900197714,2.404796656306514,258.88707266800486,3,4.3535441240733945,,0.9991022527937372,0.0,0.9991022527937372,0.0008977472062627889,acid
CCCCOC(C)O,Butoxyethanol,3,-6.0,-6.364,-5.982,1,2,False,118.17599999999996,1.1414,32.54079999999998,29.46,1,2,4,0,0,8,1.0,50.47174058151548,2.7158427612932585,43.79319390447952,2,,,0.0,0.0,0.0,1.0,neutral
CCCCOCC(C)O,Propylene glycol n-butyl ether,1,-8.16,-8.16,-8.16,1,1,False,132.203,1.1839,37.4078,29.46,1,2,5,0,0,9,1.0,56.83668269591209,2.746690906857495,52.87784055857758,2,,,0.0,0.0,0.0,1.0,neutral
CCCCOCCO,2-Butoxyethanol,2,-6.283,-7.226,-5.34,1,2,False,118.176,0.7953999999999999,32.81279999999998,29.46,1,2,5,0,0,8,1.0,50.47174058151548,2.53006045688352,31.509775004326936,2,,,0.0,0.0,0.0,1.0,neutral
CCCCOCCOCCO,Diethylene glycol monobutyl ether,4,-6.399,-8.004,-5.723,2,3,False,162.22899999999998,0.812,43.63180000000001,38.69,1,3,8,0,0,11,1.0,68.31517003981556,2.6909155266923976,58.35751032880843,3,,,0.0,0.0,0.0,1.0,neutral
CCCCOCCOCCOC(C)=O,Diethylene glycol mono n-butyl ether acetate,2,-7.4145,-7.778,-7.051,1,1,False,204.266,1.3828,53.179000000000045,44.760000000000005,0,4,9,0,0,14,0.9,85.52588784596342,2.884064614706359,136.08368795993283,4,,,0.0,0.0,0.0,1.0,neutral
CCCC[C@@H](C)[C@@H](OC(=O)C[C@@H](CC(=O)O)C(=O)O)[C@H](C[C@@H](C)C[C@H](O)CCCC[C@@H](O)C[C@H](O)[C@H](C)N)OC(=O)C[C@@H](CC(=O)O)C(=O)O,Fumonisin B1,2,-9.0485,-9.051,-9.046,1,2,False,721.8380000000002,2.564200000000004,177.5929999999997,288.51,8,12,29,0,0,50,0.8235294117647058,292.87809082457886,5.981227919733834,1067.254242709462,16,,8.159107682388349,0.0,0.8516890021589267,0.8516890021589267,0.14831099784107327,base
CCCCc1ccc(O)cc1,p-n-Butylphenol,1,-4.671,-4.671,-4.671,1,1,False,150.22099999999998,2.734800000000001,46.71880000000004,20.23,1,1,3,1,1,11,0.4,67.6854053292794,2.51863794324683,200.61769139965665,1,,,0.0,0.0,0.0,1.0,neutral
CCCO,1-Propanol,8,-6.368,-7.352,-3.41,1,5,False,60.096,0.3887,17.376800000000003,20.23,1,1,1,0,0,4,1.0,26.26336900881878,1.9747448713915892,5.245112497836532,1,,,0.0,0.0,0.0,1.0,neutral
CCCOC(=O)c1ccc(N)cc1,n-Propyl p-aminobenzoate,1,-4.652,-4.652,-4.652,1,1,True,179.21899999999997,1.8356,51.42790000000003,52.32,1,3,3,1,1,13,0.3,77.50612960364676,2.611171250638134,279.48114931490306,3,,,0.0,0.0,0.0,1.0,neutral
CCCOC(=O)c1ccc(O)cc1,Propylparaben,4,-5.0845,-5.44,-4.747,2,3,False,180.203,1.959,48.68030000000003,46.53,1,3,3,1,1,13,0.3,76.96047265883006,2.611171250638134,276.7262618127396,3,,,0.0,0.0,0.0,1.0,neutral
CCCOCCO,2-Propoxyethanol,3,-6.748,-6.923,-6.543,1,2,False,104.149,0.4053,28.195799999999988,29.46,1,2,4,0,0,7,1.0,44.10679846711887,2.447472887876344,25.26112492884004,2,,,0.0,0.0,0.0,1.0,neutral
CCCOc1ccc(O)cc1,4-Propoxyphenol,1,-5.38,-5.38,-5.38,1,1,False,152.19299999999998,2.181,43.89280000000003,29.46,1,2,3,1,1,11,0.3333333333333333,66.43400844438968,2.51863794324683,203.30764733554943,2,,,0.0,0.0,0.0,1.0,neutral
CCN(C)C,Dimethylethylamine,1,-6.079,-6.079,-6.079,1,1,False,73.139,0.5679,24.22799999999999,3.24,0,1,1,0,0,5,1.0,33.59391104122274,2.5395388613593908,17.609640474436812,1,,8.159107682388349,0.0,0.8516890021589267,0.8516890021589267,0.14831099784107327,base
CCN(CC)C(=O)N1CCN(C)CC1,Diethylcarbamazine,1,-7.459,-7.459,-7.459,1,1,False,199.29799999999997,0.6956,57.38700000000004,26.790000000000006,0,2,2,0,1,14,0.9,86.45892201452368,2.4398181745183853,183.8061322144773,4,,8.159107682388349,0.0,0.8516890021589267,0.8516890021589267,0.14831099784107327,base
CCN(CC)C(=O)Nc1ccc(OCC(O)CNC(C)(C)C)c(C(C)=O)c1,Celiprolol Hydrochloride,1,-6.785,-6.785,-6.785,1,1,False,379.5010000000002,2.8907000000000007,107.64370000000008,90.9,3,5,9,1,1,27,0.6,161.63097394025937,2.7871583156014084,636.6042613427059,7,,8.159107682388349,0.0,0.8516890021589267,0.8516890021589267,0.14831099784107327,base
CCN(CC)C(=O)c1cccc(C)c1,"N,N-Diethyl-m-toluamide",12,-7.433,-8.352,-6.446,1,2,False,191.274,2.4770200000000004,58.43050000000004,20.31,0,1,3,1,1,14,0.4166666666666667,85.54241157612375,2.880593864881737,315.8526973504348,2,,8.159107682388349,0.0,0.8516890021589267,0.8516890021589267,0.14831099784107327,base
CCN(CC)CC(=O)Nc1c(C)cccc1C,Lidocaine,8,-6.4665,-7.301,-5.53,2,4,True,234.343,2.5837400000000006,72.33370000000005,32.34,1,2,5,1,1,17,0.5,103.82215798852502,2.680267656047493,363.55864155890856,3,,8.159107682388349,0.0,0.8516890021589267,0.8516890021589267,0.14831099784107327,base
CCNc1nc(Cl)nc(NCC)n1,Simazine,1,-5.875,-5.875,-5.875,1,1,False,201.661,1.3885999999999998,53.164400000000015,62.73,2,5,4,1,1,13,0.5714285714285714,81.95310611402068,2.8288672837931865,253.33545368371156,6,4.3535441240733945,8.159107682388349,0.9991022527937372,0.8516890021589267,0.9991022527937372,0.0008977472062627889,ampholyte
CCO,Ethanol,11,-6.352,-7.079,-3.653,1,6,False,46.069,-0.0014,12.759800000000002,20.23,1,1,0,0,0,3,1.0,19.89842689442217,1.6329931618554523,2.754887502163468,1,,,0.0,0.0,0.0,1.0,neutral
CCOC(=O)/C=C\C(=O)OCC,Diethyl maleate,2,-5.105,-5.142,-5.068,1,1,False,172.17999999999995,0.6688,42.40600000000002,52.60000000000001,0,4,4,0,0,12,0.5,71.15437745552283,3.728160409956725,163.49688176536182,4,,,0.0,0.0,0.0,1.0,neutral
CCOC(=O)C1(c2ccccc2)CCN(C)CC1,Meperidine,1,-5.988,-5.988,-5.988,1,1,True,247.33799999999997,2.2131,71.48400000000005,29.54,0,3,3,1,2,18,0.5333333333333333,108.74495199529125,2.313014283346961,394.21444538868286,3,,8.159107682388349,0.0,0.8516890021589267,0.8516890021589267,0.14831099784107327,base
CCOC(=O)CC(SP(=S)(OC)OC)C(=O)OCC,Malathion,1,-4.249,-4.249,-4.249,1,1,False,330.3640000000001,2.1218000000000004,77.56500000000004,71.06,0,8,9,0,0,19,0.8,121.9659076690836,4.80781070887242,340.9115786798855,9,,,0.0,0.0,0.0,1.0,neutral
CCOC(=O)c1ccc(N)cc1,Ethyl p-aminobenzoate,2,-4.976,-5.255,-4.697,2,2,True,165.19199999999998,1.4455,46.81090000000002,52.32,1,3,2,1,1,12,0.2222222222222222,71.14118748925014,2.753742758109602,266.36195376207496,3,,,0.0,0.0,0.0,1.0,neutral
CCOC(=O)c1ccc(O)cc1,Ethylparaben,1,-5.413,-5.413,-5.413,1,1,False,166.176,1.5689,44.06330000000003,46.53,1,3,2,1,1,12,0.2222222222222222,70.59553054443343,2.753742758109602,263.6070662599115,3,,,0.0,0.0,0.0,1.0,neutral
CCOC(=O)c1ccccc1C(=O)OCC,Diethyl Phthalate,2,-6.8705,-8.499,-5.242,2,2,False,222.23999999999995,2.04,58.35500000000003,52.60000000000001,0,4,4,1,1,16,0.3333333333333333,94.17119046497793,2.9975148158911997,347.3600796599688,4,,,0.0,0.0,0.0,1.0,neutral
CCOC(=O)c1cccnc1,Ethyl nicotinate,1,-5.755,-5.755,-5.755,1,1,False,151.16499999999996,1.2583,40.193500000000014,39.19,0,3,2,1,1,11,0.25,65.02094477318394,2.6930079504145,233.10719092921437,3,4.3535441240733945,,0.9991022527937372,0.0,0.9991022527937372,0.0008977472062627889,acid
CCOCC,Diethyl ether,2,-5.352,-5.352,-5.352,1,2,False,74.123,1.0428000000000002,22.166999999999994,9.23,0,1,2,0,0,5,1.0,32.94762260052625,2.19060968716425,11.119415478763749,1,,,0.0,0.0,0.0,1.0,neutral
CCOCCC(=O)OCC,Ethyl 3-ethoxypropionate,1,-6.669,-6.669,-6.669,1,1,False,146.18599999999998,0.9761,37.743,35.53,0,3,5,0,0,10,0.8571428571428571,61.31751627326671,3.052375189045708,90.85200900961468,3,,,0.0,0.0,0.0,1.0,neutral
CCOCCO,2-Ethoxyethanol,9,-6.631,-7.785,-5.544,1,5,False,90.122,0.0152,23.578799999999998,29.46,1,2,3,0,0,6,1.0,37.741856352722266,2.3390923149762908,17.509775004326936,2,,,0.0,0.0,0.0,1.0,neutral
CCOCCOC(C)=O,2-Ethoxyethyl acetate,2,-6.522,-6.649,-6.395,1,2,False,132.159,0.5860000000000001,33.12599999999999,35.53,0,3,4,0,0,9,0.8333333333333334,54.95257415887011,2.828868134909685,80.37215811651096,3,,,0.0,0.0,0.0,1.0,neutral
CCOCCOCCO,2-(2-Ethoxyethoxy)ethanol,1,-7.436,-7.436,-7.436,1,1,False,134.175,0.0317999999999998,34.39779999999999,38.69,1,3,6,0,0,9,1.0,55.58528581102235,2.595082706793886,41.56763141529687,3,,,0.0,0.0,0.0,1.0,neutral
CCOP(=S)(OCC)Oc1cc(C)nc(C(C)C)n1,Diazinon,1,-5.617,-5.617,-5.617,1,1,False,304.35200000000003,3.5847200000000026,79.02300000000004,53.47,0,6,7,1,1,19,0.6666666666666666,119.51079978829642,2.9903765648588534,458.2877596147708,7,4.3535441240733945,,0.9991022527937372,0.0,0.9991022527937372,0.0008977472062627889,acid
CCOP(=S)(OCC)Oc1ccc([N+](=O)[O-])cc1,Parathion,1,-7.28,-7.28,-7.28,1,1,False,291.265,3.2711000000000023,71.26140000000002,70.83,0,6,7,1,1,18,0.4,110.26471109131684,2.809298823967879,440.0861904749747,8,,,0.0,0.0,0.0,1.0,neutral
CCOP(=S)(OCC)Oc1nc(Cl)c(Cl)cc1Cl,Chlorpyrifos,1,-7.158,-7.158,-7.158,1,1,False,350.591,4.718100000000002,77.43200000000002,40.58,0,5,6,1,1,18,0.4444444444444444,125.74118203040852,3.006125183376143,464.6162368766505,9,4.3535441240733945,,0.9991022527937372,0.0,0.9991022527937372,0.0008977472062627889,acid
CCOc1ccc2ccc(=O)oc2c1,7-Ethoxycoumarin,2,-4.27,-4.475,-4.065,1,1,False,190.19799999999995,2.1917,53.65300000000003,39.44,0,3,2,2,2,14,0.1818181818181818,80.92283603358507,2.5752439161818663,499.1039578429736,3,,,0.0,0.0,0.0,1.0,neutral
CCc1ccc(O)cc1,p-Ethylphenol,1,-5.014,-5.014,-5.014,1,1,False,122.16699999999996,1.9546,37.48480000000001,20.23,1,1,1,1,1,9,0.25,54.95552110048619,2.881555877646136,176.26405299160075,1,,,0.0,0.0,0.0,1.0,neutral
CCc1cccc2c3c([nH]c12)C(CC)(CC(=O)O)OCC3,Etodolac,1,-5.683,-5.683,-5.683,1,1,True,287.35900000000004,3.383000000000002,81.55450000000005,62.32000000000001,2,2,4,2,3,21,0.4705882352941176,123.6701770300334,2.2365005465300696,688.6452033715747,4,,,0.0,0.0,0.0,1.0,neutral
CN(C)C,Trimethylamine,1,-7.284,-7.284,-7.284,1,1,False,59.112,0.1777999999999999,19.611,3.24,0,1,0,0,0,4,1.0,27.228968926826138,2.3237900077244498,8.0,1,,8.159107682388349,0.0,0.8516890021589267,0.8516890021589267,0.14831099784107327,base
CN(C)C(=O)CCC(=O)OCC(=O)[C@@]1(O)CC[C@H]2[C@@H]3CCC4=CC(=O)CC[C@]4(C)[C@H]3[C@@H](O)C[C@@]21C,"Hydrocortisone 21-(N,N-dimethylsuccinamate)",1,-7.73,-7.73,-7.73,1,1,False,489.6090000000003,2.200899999999999,126.94360000000007,121.21,2,7,6,0,4,35,0.7777777777777778,206.62275316011755,1.473768150898501,957.1764406236814,8,,8.159107682388349,0.0,0.8516890021589267,0.8516890021589267,0.14831099784107327,base
CN(C)C(=S)SSC(=S)N(C)C,Tetramethyl thiuram disulfide,2,-5.406499999999999,-5.447,-5.366,1,1,False,240.444,2.0608,67.75200000000002,6.48,0,4,0,0,0,12,0.6666666666666666,92.4473715717092,3.6934830872423,158.38689879982147,6,,8.159107682388349,0.0,0.8516890021589267,0.8516890021589267,0.14831099784107327,base
CN(C)CCC(c1ccc(Cl)cc1)c1ccccn1,Chlorpheniramine,2,-6.3535,-6.491,-6.216,1,1,False,274.795,3.818600000000002,80.70300000000005,16.130000000000003,0,2,5,2,2,19,0.3125,119.5959557755756,2.25847511572667,493.91719964890143,3,4.3535441240733945,8.159107682388349,0.9991022527937372,0.8516890021589267,0.9991022527937372,0.0008977472062627889,ampholyte
CN(C)CCCN1c2ccccc2Sc2ccc(Cl)cc21,Chlorpromazine hydrochloride,1,-7.899,-7.899,-7.899,1,1,False,318.8730000000001,4.894400000000004,92.19400000000006,6.48,0,3,4,2,3,21,0.2941176470588235,135.25342033666848,1.9437632658356148,642.4372765270095,4,,8.159107682388349,0.0,0.8516890021589267,0.8516890021589267,0.14831099784107327,base
CN(CC=CC#CC(C)(C)C)Cc1cccc2ccccc12,Terbinafine,1,-9.556,-9.556,-9.556,1,1,False,291.438,4.877300000000004,96.65300000000006,3.24,0,1,4,2,2,22,0.3333333333333333,134.19688693947325,1.9777134332849184,702.4950517709103,1,,8.159107682388349,0.0,0.8516890021589267,0.8516890021589267,0.14831099784107327,base
CN(Cc1cnc2nc(N)nc(N)c2n1)c1ccc(C(=O)N[C@@H](CCC(=O)O)C(=O)O)cc1,Methotrexate,7,-6.84,-7.503,-6.503,1,1,False,454.4470000000002,0.2684000000000012,118.26160000000004,210.54,5,10,9,3,3,33,0.25,187.0308017486153,1.674622124193935,1201.0294275064248,13,4.3535441240733945,8.159107682388349,0.9991022527937372,0.8516890021589267,0.9991022527937372,0.0008977472062627889,ampholyte
CN1C2CCC1CC(OC(=O)C(CO)c1ccccc1)C2,Atropine,2,-8.1555,-8.635,-7.676,1,2,False,289.37500000000006,1.9309,79.95580000000005,49.77,1,4,4,1,3,21,0.5882352941176471,125.26323882275126,1.632677623313254,476.06840462966727,4,,8.159107682388349,0.0,0.8516890021589267,0.8516890021589267,0.14831099784107327,base
CN1CCCC1c1cccnc1,Nicotine,6,-5.929,-7.339,-5.27,2,4,False,162.236,1.8483,48.842000000000034,16.130000000000003,0,2,1,1,2,12,0.5,73.22976418910065,2.194591657785846,245.27530899395384,2,4.3535441240733945,8.159107682388349,0.9991022527937372,0.8516890021589267,0.9991022527937372,0.0008977472062627889,ampholyte
CN1CC[C@]23c4c5ccc(O)c4O[C@H]2C(=O)CC[C@@]3(O)[C@H]1C5,Oxymorphone,1,-7.733111659,-7.733111659,-7.733111659,1,1,True,301.342,0.7451999999999999,78.13060000000003,70.0,2,5,0,1,5,22,0.5882352941176471,128.04581026788878,1.8774137434717624,716.8556433421193,5,,8.159107682388349,0.0,0.8516890021589267,0.8516890021589267,0.14831099784107327,base
CN1CC[C@]23c4c5ccc(O)c4O[C@H]2C(=O)CC[C@H]3[C@H]1C5,Hydromorphone,2,-8.192058744,-8.38,-8.004117488,2,2,True,285.343,1.6303,76.67080000000004,49.77,1,4,0,1,5,21,0.5882352941176471,123.25157651569276,1.833036087648692,670.2442212037415,4,,8.159107682388349,0.0,0.8516890021589267,0.8516890021589267,0.14831099784107327,base
CN1CC[C@]23c4c5ccc(O)c4O[C@H]2[C@@H](O)C=C[C@H]3[C@H]1C5,Morphine,3,-8.588,-9.352,-7.419930646,2,3,True,285.343,1.1981,77.57660000000003,52.93000000000001,2,4,0,1,5,21,0.5294117647058824,123.19468513566072,1.8445254467475665,670.2442212037415,4,,8.159107682388349,0.0,0.8516890021589267,0.8516890021589267,0.14831099784107327,base
CN1CC[C@]23c4c5ccc(O)c4O[C@H]2[C@@H](O)CC[C@H]3[C@H]1C5,Dihydromorphine,1,-7.722811771,-7.722811771,-7.722811771,1,1,True,287.359,1.4221,77.67060000000004,52.93000000000001,2,4,0,1,5,21,0.6470588235294118,123.884288167845,1.8132366614847888,630.7063899465155,4,,8.159107682388349,0.0,0.8516890021589267,0.8516890021589267,0.14831099784107327,base
CN1[C@@H]2CC(OC(=O)[C@H](CO)c3ccccc3)C[C@H]1[C@@H]1O[C@@H]12,Scopolamine,4,-8.5415,-9.128,-7.852,1,1,False,303.358,0.9180999999999996,79.38280000000005,62.3,1,5,4,1,4,22,0.5882352941176471,129.3709528987289,1.4200028178766766,545.0371822548029,5,,8.159107682388349,0.0,0.8516890021589267,0.8516890021589267,0.14831099784107327,base
CNC(=C[N+](=O)[O-])NCCSCc1ccc(CN(C)C)o1,Ranitidine,1,-7.608,-7.608,-7.608,1,1,False,314.411,1.459,84.40080000000003,83.58,2,7,10,1,1,21,0.5384615384615384,128.4562521662435,2.218277243493725,473.7363586621033,8,,8.159107682388349,0.0,0.8516890021589267,0.8516890021589267,0.14831099784107327,base
CNC(=C[N+](=O)[O-])NCCSCc1csc(CN(C)C)n1,Nizatidine,1,-7.981,-7.981,-7.981,1,1,False,331.4670000000001,1.3224999999999998,87.80680000000004,83.33,2,8,10,1,1,21,0.5833333333333334,132.52193415352463,2.218277243493725,475.9677720170103,9,4.3535441240733945,8.159107682388349,0.9991022527937372,0.8516890021589267,0.9991022527937372,0.0008977472062627889,ampholyte
CNC(=O)Oc1ccccc1OC(C)C,Propoxur,4,-5.895,-6.324,-5.797,1,1,False,209.245,2.192,57.28970000000004,47.56,1,3,3,1,1,15,0.3636363636363636,89.19458843414556,2.809453207323335,336.3598482774643,4,,8.159107682388349,0.0,0.8516890021589267,0.8516890021589267,0.14831099784107327,base
CNCCC=C1c2ccccc2CCc2ccccc21,Nortriptyline hydrocloride,2,-7.201499999999999,-7.959,-6.444,1,1,False,263.384,3.826400000000003,85.91470000000005,12.03,1,1,3,2,3,20,0.2631578947368421,120.89752012423182,2.1133271211644957,575.6683055943938,1,,8.159107682388349,0.0,0.8516890021589267,0.8516890021589267,0.14831099784107327,base
CN[C@@H](C)[C@H](O)c1ccccc1,Ephedrine,4,-5.778,-6.326,-5.778,1,1,False,165.236,1.3279,49.92350000000003,32.26,2,2,3,1,1,12,0.4,73.23526751288745,2.7110407232330616,222.5400055614587,2,,8.159107682388349,0.0,0.8516890021589267,0.8516890021589267,0.14831099784107327,base
CO,Methanol,7,-5.539,-6.857,-3.857,1,4,False,32.042,-0.3915,8.1428,20.23,1,1,0,0,0,2,1.0,13.533484780025564,1.0,2.0,1,,,0.0,0.0,0.0,1.0,neutral
COC(=O)CCC(=O)OCC(=O)[C@@]1(O)CC[C@H]2[C@@H]3CCC4=CC(=O)CC[C@]4(C)[C@H]3[C@@H](O)C[C@@]21C,Hydrocortisone 21-methylsuccinate,1,-7.234,-7.234,-7.234,1,1,False,476.5660000000004,2.2856999999999985,120.26560000000008,127.20000000000005,2,8,6,0,4,34,0.7692307692307693,199.61152260502445,1.49609404205097,923.7614020439275,8,,,0.0,0.0,0.0,1.0,neutral
COC(=O)CCCCCC(=O)OCC(=O)[C@@]1(O)CC[C@H]2[C@@H]3CCC4=CC(=O)CC[C@]4(C)[C@H]3[C@@H](O)C[C@@]21C,Hydrocortisone 21-methylpimelate,1,-5.824,-5.824,-5.824,1,1,False,518.6470000000004,3.456000000000002,134.1166,127.20000000000005,2,8,9,0,4,37,0.7931034482758621,218.70634894821424,1.3754191266941809,970.9534529365858,8,,,0.0,0.0,0.0,1.0,neutral
COC(=O)Cc1ccc(O)cc1,Methyl 4-hydroxyphenylacetate,1,-5.255,-5.255,-5.255,1,1,False,166.17600000000002,1.1077,43.82680000000003,46.53,1,3,2,1,1,12,0.2222222222222222,70.59553054443344,2.6449316670687724,263.6070662599115,3,,,0.0,0.0,0.0,1.0,neutral
COC(=O)Nc1nc2ccccc2[nH]1,Carbendazim,1,-6.025,-6.025,-6.025,1,1,False,191.19000000000003,1.7411999999999996,52.12140000000001,67.00999999999999,2,3,1,2,2,14,0.1111111111111111,80.09668979514488,2.3104906039484137,430.77993566168885,5,4.3535441240733945,8.159107682388349,0.9991022527937372,0.8516890021589267,0.9991022527937372,0.0008977472062627889,ampholyte
COC(=O)c1ccc(N)cc1,Methyl p-aminobenzoate,3,-5.012,-5.195,-4.735,2,2,True,151.16500000000002,1.0554,42.19390000000001,52.32,1,3,1,1,1,11,0.125,64.77624537485353,2.8953480359887567,253.29949758389105,3,,,0.0,0.0,0.0,1.0,neutral
COC(=O)c1ccc(O)cc1,Methyl 4-hydroxybenzoate,7,-5.596,-5.634,-4.981,2,6,False,152.149,1.1788,39.446300000000015,46.53,1,3,1,1,1,11,0.125,64.23058843003683,2.8953480359887567,250.5446100817276,3,,,0.0,0.0,0.0,1.0,neutral
COC(=O)c1ccccc1C(=O)OC,Dimethyl Phthalate,3,-5.204,-8.035,-5.153,2,2,False,194.18599999999995,1.2597999999999998,49.12100000000002,52.60000000000001,0,4,2,1,1,14,0.2,81.44130623618467,3.153839931025287,321.89456038916694,4,,,0.0,0.0,0.0,1.0,neutral
COC(=O)c1ccccc1O,Methyl salicylate,1,-5.0,-5.0,-5.0,1,1,True,152.14899999999997,1.1787999999999998,39.446300000000015,46.53,1,3,1,1,1,11,0.125,64.23058843003683,3.032662155800657,267.7946100817276,3,,,0.0,0.0,0.0,1.0,neutral
COC(=O)c1cccnc1,Methyl nicotinate,2,-6.006,-6.046,-5.966,1,2,False,137.138,0.8681999999999999,35.5765,39.19,0,3,1,1,1,10,0.1428571428571428,58.65600265878734,2.8526279288191434,220.3075329961489,3,4.3535441240733945,,0.9991022527937372,0.0,0.9991022527937372,0.0008977472062627889,acid
COC(C)COC(C)CO,Dipropylene glycol mono methyl ether,2,-7.584,-7.653,-7.515,1,1,False,148.202,0.4186999999999999,38.9708,38.69,1,3,5,0,0,10,1.0,61.950227925418965,3.1681741287467013,65.25147089005418,3,,,0.0,0.0,0.0,1.0,neutral
COCC(C)O,1-Methoxy-2-Propanol,3,-6.459,-7.571,-6.397,2,3,False,90.122,0.0136000000000001,23.556799999999992,29.46,1,2,2,0,0,6,1.0,37.741856352722266,2.6272148478988635,26.72905595320056,2,,,0.0,0.0,0.0,1.0,neutral
COCCO,2-Methoxyethanol,1,-6.095,-6.095,-6.095,1,1,False,76.095,-0.3748999999999999,18.9618,29.46,1,2,2,0,0,5,1.0,31.37691423832566,2.19060968716425,12.36452797660028,2,,,0.0,0.0,0.0,1.0,neutral
COCCOC(C)=O,Ethylene glycol mono methyl ether acetate,2,-6.468,-6.637,-6.299,1,1,False,118.132,0.1959000000000001,28.508999999999983,35.53,0,3,3,0,0,8,0.8,48.58763204447351,2.822354554248032,70.07403392114696,3,,,0.0,0.0,0.0,1.0,neutral
COCCOCCO,2-(2-Methoxyethoxy)ethanol,1,-7.242,-7.242,-7.242,1,1,False,120.148,-0.3583,29.780799999999985,38.69,1,3,5,0,0,8,1.0,49.22034369662575,2.53006045688352,32.655022032053594,3,,,0.0,0.0,0.0,1.0,neutral
COCCOCCOCCOC(=O)c1cccnc1,Methyltriglycol nicotinate,1,-7.308,-7.308,-7.308,1,1,False,269.297,0.9179999999999996,68.03350000000005,66.88,0,6,10,1,1,19,0.5384615384615384,112.18629103368762,1.9493536257199744,344.14662985118355,6,4.3535441240733945,,0.9991022527937372,0.0,0.9991022527937372,0.0008977472062627889,acid
COCCc1ccc(OCC(O)CNC(C)C)cc1,Metoprolol,1,-6.637,-6.637,-6.637,1,1,False,267.369,1.6132,76.66250000000005,50.72,2,4,9,1,1,19,0.6,115.28706854388426,2.285695819256649,337.7488527229999,4,,8.159107682388349,0.0,0.8516890021589267,0.8516890021589267,0.14831099784107327,base
COP(=O)(OC)OC=C(Cl)Cl,Dichlorvos,6,-4.6155,-5.944,-3.431,1,1,False,220.976,2.680400000000001,42.498500000000014,44.760000000000005,0,4,4,0,0,11,0.5,74.64125315559419,4.102541909313092,180.53107956171817,7,,,0.0,0.0,0.0,1.0,neutral
COS(C)(=O)=O,Methyl methanesulfonate,2,-5.605499999999999,-5.624,-5.587,1,1,False,110.134,-0.4075999999999999,21.85279999999999,43.370000000000005,0,3,1,0,0,6,1.0,37.05214062957765,3.850621638983669,110.75488750216348,4,,,0.0,0.0,0.0,1.0,neutral
COc1cc(C=O)ccc1O,Vanillin,2,-5.7055,-5.803,-5.608,1,1,False,152.14899999999997,1.2132999999999998,40.046300000000016,46.53,1,3,2,1,1,11,0.125,64.23058843003683,3.116164133858052,268.03972257956417,3,,,0.0,0.0,0.0,1.0,neutral
COc1cc2c(c3oc(=O)c4c(c13)CCC4=O)[C@@H]1C=CO[C@@H]1O2,Aflatoxin B1,2,-7.2315,-7.232,-7.231,1,2,False,312.277,2.2764999999999995,79.06950000000002,74.97,0,6,1,2,5,23,0.2941176470588235,129.7940047862503,1.9425915503617333,967.4330290969924,6,,,0.0,0.0,0.0,1.0,neutral
COc1cc2nc(N3CCN(C(=O)c4ccco4)CC3)nc(N)c2cc1OC,Prazosin hydrochloride,1,-5.711,-5.711,-5.711,1,1,False,383.4080000000002,1.7845999999999995,103.87890000000004,106.95,1,8,4,3,4,28,0.3157894736842105,161.20072132699008,1.5561913356619823,997.2266742298812,9,4.3535441240733945,8.159107682388349,0.9991022527937372,0.8516890021589267,0.9991022527937372,0.0008977472062627889,ampholyte
COc1ccc(Cc2nccc3cc(OC)c(OC)cc23)cc1OC,Papaverine hydrochloride,1,-6.604,-6.604,-6.604,1,1,False,339.3910000000001,3.860000000000003,97.19900000000004,49.81,0,5,6,3,3,25,0.25,146.6687013282533,2.03987108374421,892.2437032331906,5,4.3535441240733945,,0.9991022527937372,0.0,0.9991022527937372,0.0008977472062627889,acid
COc1ccc2c(c1)c(CC(=O)O)c(C)n2C(=O)c1ccc(Cl)cc1,Indomethacin,1,-6.997,-6.997,-6.997,1,1,True,357.793,3.9273200000000026,95.74730000000002,68.53,1,3,4,3,3,25,0.1578947368421052,148.94809374556098,2.232371733378278,973.2479304430422,6,4.3535441240733945,,0.9991022527937372,0.0,0.9991022527937372,0.0008977472062627889,acid
COc1ccc2c3c1OC1C(O)C=CC4C(C2)N(C)CCC341,Codeine,2,-7.314085482999999,-7.866,-6.762170966,2,2,True,299.3700000000001,1.5011,82.46380000000003,41.93,1,4,1,1,5,22,0.5555555555555556,129.87893872736822,1.8223654238415257,685.154996148535,4,,8.159107682388349,0.0,0.8516890021589267,0.8516890021589267,0.14831099784107327,base
COc1ccc2c3c1O[C@H]1C(=O)CC[C@@]4(O)[C@@H](C2)N(C)CC[C@]314,Oxycodone,1,-6.59002208,-6.59002208,-6.59002208,1,1,True,315.3690000000001,1.0481999999999998,83.01780000000004,59.00000000000001,1,5,1,1,5,23,0.6111111111111112,134.73006385959624,1.8570488669453709,731.9769249093094,5,,8.159107682388349,0.0,0.8516890021589267,0.8516890021589267,0.14831099784107327,base
COc1ccc2c3c1O[C@H]1C(=O)CC[C@H]4[C@@H](C2)N(C)CC[C@]314,Hydrocodone,1,-6.456,-6.456,-6.456,1,1,True,299.37000000000006,1.9333,81.55800000000004,38.77,0,4,1,1,5,22,0.6111111111111112,129.93583010740025,1.8132163706052853,685.154996148535,4,,8.159107682388349,0.0,0.8516890021589267,0.8516890021589267,0.14831099784107327,base
COc1ccc2c3c1O[C@H]1[C@@H](O)CC[C@H]4[C@@H](C2)N(C)CC[C@@]341,Dihydrocodeine,1,-6.190685426,-6.190685426,-6.190685426,1,1,True,301.3860000000001,1.7251,82.55780000000004,41.93,1,4,1,1,5,22,0.6666666666666666,130.5685417595525,1.7951472054856976,645.4645937682619,4,,8.159107682388349,0.0,0.8516890021589267,0.8516890021589267,0.14831099784107327,base
COc1ccc2cc(C(C)C(=O)O)ccc2c1,Naproxen,2,-6.657,-7.218,-6.096,1,2,True,230.263,3.036500000000001,66.55080000000004,46.53,1,2,3,2,2,17,0.2142857142857142,99.64213719056528,2.478964438638834,560.3959195741091,3,,,0.0,0.0,0.0,1.0,neutral
COc1ccc2cc([C@H](C)C(=O)OC[C@H]3OC(O)[C@@H](O)[C@@H](O)[C@@H]3O)ccc2c1,Naproxen mannoside,1,-7.7,-7.7,-7.7,1,1,True,392.404,0.2949999999999995,98.77420000000004,125.68000000000002,4,8,5,2,3,28,0.45,161.43575043901745,1.6484856745547558,838.0655353442305,8,,,0.0,0.0,0.0,1.0,neutral
COc1ccc2cc([C@H](C)C(=O)OC[C@H]3OC(O)[C@H](O)[C@@H](O)[C@@H]3O)ccc2c1,Naproxen glucoside,1,-7.886,-7.886,-7.886,1,1,True,392.404,0.2949999999999995,98.77420000000004,125.68000000000002,4,8,5,2,3,28,0.45,161.43575043901745,1.6484856745547558,838.0655353442305,8,,,0.0,0.0,0.0,1.0,neutral
COc1ccccc1N=Nc1c(O)ccc2ccc([N+](C)(C)C)cc12,Basic Red 76 (chloride salt),2,-6.469,-6.61,-6.328,1,1,False,336.4150000000001,5.166100000000005,102.34880000000004,54.18000000000001,1,4,4,3,3,25,0.2,146.9542922978733,2.140995641271161,943.3143977640312,5,,,0.0,0.0,0.0,1.0,neutral
CS(=O)(=O)Nc1ccc([N+](=O)[O-])cc1Oc1ccccc1,Nimesulide,1,-6.551,-6.551,-6.551,1,1,True,308.315,2.7586000000000013,78.07890000000003,98.54,1,5,5,2,2,21,0.0769230769230769,120.93059846798744,2.429176692624256,759.3860166888998,8,,,0.0,0.0,0.0,1.0,neutral
C[C@@H]1CC(=O)NN=C1c1ccc(NN=C(C#N)C#N)cc1,Levosimendan,2,-7.218999999999999,-7.954,-6.484,1,1,False,280.291,1.36176,77.18640000000002,113.42999999999998,2,6,3,1,2,21,0.2142857142857142,121.12243172352808,2.133349462429733,673.6597969068536,7,,8.159107682388349,0.0,0.8516890021589267,0.8516890021589267,0.14831099784107327,base
C[C@@H]1C[C@H]2[C@@H]3CCC4=CC(=O)C=C[C@]4(C)[C@@]3(F)[C@@H](O)C[C@]2(C)[C@@]1(O)C(=O)CO,Dexamethasone,1,-7.75,-7.75,-7.75,1,1,False,392.4670000000002,1.8957,99.94440000000004,94.83,3,5,2,0,4,28,0.7272727272727273,163.87178561127467,1.83769187946728,804.7488254884713,6,,,0.0,0.0,0.0,1.0,neutral
C[C@@H]1Cc2c(Cl)cc(C(=O)N[C@@H](Cc3ccccc3)C(=O)O)c(O)c2C(=O)O1,Ochratoxin A,2,-6.642,-6.642,-6.642,1,2,False,403.81800000000015,2.5727000000000007,100.73430000000006,112.93000000000002,3,5,5,2,3,28,0.25,165.44191053172457,1.8938777186922464,943.457252427877,8,,8.159107682388349,0.0,0.8516890021589267,0.8516890021589267,0.14831099784107327,base
C[C@@H]1O[C@@H](O[C@H]2C[C@@H](O)[C@]3(CO)C4C(CC[C@]3(O)C2)[C@@]2(O)CC[C@H](C3=CC(=O)OC3)[C@@]2(C)C[C@H]4O)[C@H](O)[C@H](O)[C@H]1O,Ouabain,3,-8.959,-9.653,-4.83,1,2,False,584.6590000000006,-1.5149999999999972,138.59840000000003,206.6,8,12,4,0,6,41,0.896551724137931,238.08906808370745,1.282032874118814,1084.0151789255772,12,,,0.0,0.0,0.0,1.0,neutral
C[C@H](N)C(=O)N[C@@H](Cc1c[nH]c2ccccc12)C(=O)O,L-alanyl-L-tryptophan,2,-8.508500000000002,-8.637,-8.38,1,1,False,275.30800000000005,0.6269999999999998,75.21860000000004,108.21,4,3,5,2,2,20,0.2857142857142857,115.51891159153044,2.1983805564975145,633.3807660830101,6,,8.159107682388349,0.0,0.8516890021589267,0.8516890021589267,0.14831099784107327,base
C[C@H]1CCCC(=O)CCC/C=C/c2cc(O)cc(O)c2C(=O)O1,Zearalenone,2,-7.1885,-7.189,-7.188,1,2,False,318.3690000000001,3.5796000000000032,86.39210000000003,83.83,2,5,0,1,2,23,0.4444444444444444,135.14033124052924,2.315572734807828,618.0831143604938,5,,,0.0,0.0,0.0,1.0,neutral
C[C@H]1C[C@H]2[C@@H]3CCC4=CC(=O)C=C[C@]4(C)[C@@]3(F)[C@@H](O)C[C@]2(C)[C@@]1(O)C(=O)CO,Betamethasone,1,-7.153,-7.153,-7.153,1,1,False,392.4670000000002,1.8957,99.94440000000004,94.83,3,5,2,0,4,28,0.7272727272727273,163.87178561127467,1.83769187946728,804.7488254884713,6,,,0.0,0.0,0.0,1.0,neutral
C[C@H]1O[C@@H](O[C@H]2[C@@H](O)C[C@H](O[C@H]3[C@@H](O)C[C@H](O[C@H]4CC[C@@]5(C)[C@H](CC[C@@H]6[C@@H]5CC[C@]5(C)[C@H](C7=CC(=O)OC7)CC[C@]65O)C4)O[C@@H]3C)O[C@@H]2C)C[C@H](O)[C@@H]1O,Digitoxin,1,-8.442,-8.442,-8.442,1,1,False,764.9500000000003,3.2473000000000014,191.22099999999944,182.83,5,13,7,0,8,54,0.926829268292683,318.5281908108477,0.8263083726243681,1374.4176851913944,13,,,0.0,0.0,0.0,1.0,neutral
C[C@]12C=CC(=O)C=C1CC[C@@H]1[C@@H]2[C@@H](O)C[C@@]2(C)[C@H]1CC[C@]2(O)C(=O)CO,Prednisolone,1,-7.906,-7.906,-7.906,1,1,False,360.4500000000002,1.5576,95.04840000000004,94.83,3,5,2,0,4,26,0.7142857142857143,153.34130809395182,1.7472814479871783,723.9130815015496,5,,,0.0,0.0,0.0,1.0,neutral
C[C@]12C=CC(=O)C=C1CC[C@H]1[C@@H]3C[C@@H](O)[C@](O)(C(=O)CO)[C@@]3(C)C[C@H](O)[C@@]12F,Triamcinolone,1,-8.956,-8.956,-8.956,1,1,False,394.4390000000002,0.6204999999999998,96.78720000000004,115.06,4,6,2,0,4,28,0.7142857142857143,162.30107724907413,1.83769187946728,806.7175206902477,7,,,0.0,0.0,0.0,1.0,neutral
C[C@]12CCC(=O)C=C1CC[C@@H]1[C@@H]2C(=O)C[C@@]2(C)[C@H]1CC[C@]2(O)C(=O)CO,Cortisone,2,-7.968,-8.556,-7.38,1,2,False,360.45000000000016,1.9898,94.14260000000004,91.67,2,5,2,0,4,26,0.7619047619047619,153.39819947398385,1.7481728292749803,723.9130815015496,5,,,0.0,0.0,0.0,1.0,neutral
C[C@]12CCC(=O)C=C1CC[C@@H]1[C@@H]2[C@@H](O)C[C@@]2(C)[C@H]1CC[C@]2(O)C(=O)CO,Hydrocortisone,14,-7.529,-9.195,-6.238,2,8,False,362.4660000000002,1.7815999999999996,95.14240000000004,94.83,3,5,2,0,4,26,0.8095238095238095,154.0309111261361,1.7350832012021686,683.8889217536757,5,,,0.0,0.0,0.0,1.0,neutral
C[C@]12CCC(=O)C=C1CC[C@@H]1[C@@H]2[C@@H](O)C[C@@]2(C)[C@H]1CC[C@]2(O)C(=O)COC(=O)CCC(=O)O,Hydrocortisone 21-Hemisuccinate,1,-6.757,-6.757,-6.757,1,1,False,462.5390000000004,2.1973,115.88540000000008,138.2,3,7,6,0,4,33,0.76,192.92726901331693,1.5268469592870169,908.0829867909436,8,,,0.0,0.0,0.0,1.0,neutral
C[C@]12CCC(=O)C=C1CC[C@@H]1[C@@H]2[C@@H](O)C[C@@]2(C)[C@H]1CC[C@]2(O)C(=O)COC(=O)CCC(N)=O,Hydrocortisone 21-succinamate,1,-8.141,-8.141,-8.141,1,1,False,461.5550000000004,1.598,117.44400000000006,143.99,3,7,6,0,4,33,0.76,193.4729259581337,1.5268469592870169,912.4315023365402,8,,8.159107682388349,0.0,0.8516890021589267,0.8516890021589267,0.14831099784107327,base
C[C@]12CCC(=O)C=C1CC[C@@H]1[C@@H]2[C@@H](O)C[C@@]2(C)[C@H]1CC[C@]2(O)C(=O)COC(=O)CCCCCC(=O)O,Hydrocortisone 21-Hemipimelate,1,-6.301,-6.301,-6.301,1,1,False,504.6200000000005,3.367600000000002,129.7364000000001,138.2,3,7,9,0,4,36,0.7857142857142857,212.0220953565068,1.4056270471139596,955.196344277735,8,,,0.0,0.0,0.0,1.0,neutral
C[C@]12CCC(=O)C=C1CC[C@@H]1[C@@H]2[C@@H](O)C[C@@]2(C)[C@H]1CC[C@]2(O)C(=O)COC(=O)CCCCCC(N)=O,Hydrocortisone 21-pimelamate,1,-6.607,-6.607,-6.607,1,1,False,503.6360000000005,2.7683,131.29500000000007,143.99,3,7,9,0,4,36,0.7857142857142857,212.56775230132348,1.4056270471139596,959.5448598233318,8,,8.159107682388349,0.0,0.8516890021589267,0.8516890021589267,0.14831099784107327,base
C[C@]12CCC(=O)C=C1CC[C@@H]1[C@@H]2[C@@H](O)C[C@@]2(C)[C@H]1CC[C@]2(O)C(=O)COC(=O)CCCCCO,Hydrocortisone 21-(6-hydroxyhexanoate),1,-6.597,-6.597,-6.597,1,1,False,476.61000000000047,2.885200000000001,124.56940000000009,121.13,3,7,8,0,4,34,0.8148148148148148,201.4956311420664,1.470576486351196,865.0399119619901,7,,,0.0,0.0,0.0,1.0,neutral
C[C@]12CCC(=O)C=C1CC[C@@H]1[C@@H]2[C@@H](O)C[C@]2(C=O)[C@@H](C(=O)CO)CC[C@@H]12,Aldosterone,4,-7.968,-9.079,-7.793,1,4,False,360.45000000000016,1.8457,94.07260000000004,91.67,2,5,3,0,4,26,0.7619047619047619,153.39819947398385,1.7357255991595133,681.8889217536757,5,,,0.0,0.0,0.0,1.0,neutral
C[C@]12CC[C@@H]3c4ccc(O)cc4CC[C@H]3[C@@H]1CCC2=O,Estrone,1,-6.0,-6.0,-6.0,1,1,False,270.372,3.817400000000002,77.73080000000004,37.3,1,2,0,1,4,20,0.6111111111111112,119.74897088390836,1.7284412573952113,576.7809963203815,2,,,0.0,0.0,0.0,1.0,neutral
C[C@]12CC[C@@H]3c4ccc(O)cc4CC[C@H]3[C@@H]1CC[C@@H]2O,Estradiol,15,-5.967,-7.079,-4.815,1,12,False,272.3879999999999,3.609200000000002,78.73060000000005,40.46,2,2,0,1,4,20,0.6666666666666666,120.3816825360606,1.7111998765070118,538.2198018097884,2,,,0.0,0.0,0.0,1.0,neutral
C[C@]12CC[C@@H]3c4ccc(O)cc4CC[C@H]3[C@@H]1C[C@@H](O)[C@@H]2O,Estriol,1,-7.954,-7.954,-7.954,1,1,False,288.38699999999994,2.5800000000000005,80.12040000000003,60.69,3,3,0,1,4,21,0.6666666666666666,125.17591628825662,1.7102706989281615,569.5819082919403,3,,,0.0,0.0,0.0,1.0,neutral
C[C@]12CC[C@H]3[C@@H](CCC4=CC(=O)CC[C@@]43C)[C@@H]1CC[C@@H]2C(=O)CO,Cortexone,1,-6.903,-6.903,-6.903,1,1,False,330.4680000000001,3.695900000000003,92.29280000000004,54.370000000000005,1,3,2,0,4,24,0.8095238095238095,144.44244362174408,1.646027462326123,606.2051148204893,3,,,0.0,0.0,0.0,1.0,neutral
C[C@]12CC[C@H]3[C@@H](CCC4=CC(=O)CC[C@@]43C)[C@@H]1CC[C@@H]2O,Testosterone,19,-5.73,-7.903,-4.945,2,12,False,288.431,3.879200000000003,82.71680000000005,37.3,1,2,0,0,4,21,0.8421052631578947,127.55103729290713,1.6883496404253646,507.69574308017087,2,,,0.0,0.0,0.0,1.0,neutral
C[C@]12C[C@H](O)[C@H]3[C@@H](CCC4=CC(=O)CC[C@@]43C)[C@@H]1CC[C@@H]2C(=O)CO,Corticosterone,6,-7.556,-8.206,-7.079,1,6,False,346.46700000000016,2.666700000000002,93.68260000000004,74.6,2,4,2,0,4,25,0.8095238095238095,149.2366773739401,1.7001113115352158,637.8073073537269,4,,,0.0,0.0,0.0,1.0,neutral
C[n+]1ccc(-c2cc[n+](C)cc2)cc1,Paraquat,1,-8.617,-8.617,-8.617,1,1,False,186.258,1.0025999999999995,54.23000000000004,7.76,0,0,1,2,2,14,0.1666666666666666,84.07762048943788,2.396509039726096,371.5796467381504,2,,,0.0,0.0,0.0,1.0,neutral
Cc1c(N(C)C)c(=O)n(-c2ccccc2)n1C,Aminopyrine,1,-6.481,-6.481,-6.481,1,1,True,231.29900000000004,1.55042,70.07400000000003,30.17,0,2,2,2,2,17,0.3076923076923077,100.68682649695076,2.73026047273788,578.7023102137921,4,4.3535441240733945,8.159107682388349,0.9991022527937372,0.8516890021589267,0.9991022527937372,0.0008977472062627889,ampholyte
Cc1c(O)cccc1Cl,Chlorocresol,2,-4.908,-5.0,-4.816,1,2,False,142.58499999999998,2.35402,37.853800000000014,20.23,1,1,0,1,1,9,0.1428571428571428,58.89384521297126,3.2478347337367035,199.90617759993407,2,,,0.0,0.0,0.0,1.0,neutral
Cc1cc(-c2cc(C)c(OCC3CO3)c(C)c2)cc(C)c1OCC1CO1,Epikote YX4000,1,-10.884,-10.884,-10.884,1,1,False,354.44600000000014,4.142480000000003,101.29600000000003,43.52,0,4,7,2,4,26,0.4545454545454545,154.58043708049613,1.5720768569241206,703.37733986072,4,,,0.0,0.0,0.0,1.0,neutral
Cc1cc(N)ccc1N,"2,5-Diaminotoluene",2,-6.0815,-6.125,-6.038,1,1,False,122.171,1.15942,40.0038,52.04,2,2,0,1,1,9,0.1428571428571428,54.476126627919,3.171678030440916,218.15617759993404,2,,,0.0,0.0,0.0,1.0,neutral
Cc1ccc(C#N)cc1,p-Tolunitrile,2,-5.1225000000000005,-5.178,-5.067,1,1,False,117.151,1.8667,35.894000000000005,23.79,0,1,0,1,1,9,0.125,54.55386702975889,3.056038396227261,227.73970244066405,1,,,0.0,0.0,0.0,1.0,neutral
Cc1ccc(C(C)C)c(O)c1,Thymol,3,-4.834,-4.86,-4.77,1,3,False,150.221,2.824020000000001,46.93280000000003,20.23,1,1,1,1,1,11,0.4,67.6854053292794,3.092719758380193,251.04973178598337,1,,,0.0,0.0,0.0,1.0,neutral
Cc1ccc(C(C)C)cc1O,Carvacrol,2,-4.826,-4.842,-4.81,1,2,False,150.221,2.8240200000000013,46.93280000000003,20.23,1,1,1,1,1,11,0.4,67.6854053292794,3.0516454489591736,251.04973178598337,1,,,0.0,0.0,0.0,1.0,neutral
Cc1ccc(Cl)c(O)c1C,Chloroxylenol,2,-4.718,-4.785,-4.651,1,2,False,156.61200000000002,2.662440000000001,42.59080000000002,20.23,1,1,0,1,1,10,0.25,65.25878732736787,3.3421538077705124,228.6796583765568,2,,,0.0,0.0,0.0,1.0,neutral
Cc1ccc(O)cc1,p-Cresol,2,-4.895,-5.313,-4.477,1,2,False,108.14,1.7006199999999998,32.843799999999995,20.23,1,1,0,1,1,8,0.1428571428571428,48.59057898608958,3.0324555320336755,143.24662946459569,1,,,0.0,0.0,0.0,1.0,neutral
Cc1ccc(O)cc1C,"3,4-Xylenol",1,-5.0,-5.0,-5.0,1,1,False,122.167,2.00904,37.5808,20.23,1,1,0,1,1,9,0.25,54.9555211004862,3.171678030440915,215.80766205433727,1,,,0.0,0.0,0.0,1.0,neutral
Cc1ccc2oc(=O)ccc2c1,6-Methylcoumarin,2,-4.869,-4.888,-4.85,1,1,False,160.172,2.10142,47.22100000000001,30.21,0,2,0,2,2,12,0.1,69.44434868968159,2.873950478406101,468.4674283486557,2,,,0.0,0.0,0.0,1.0,neutral
Cc1cccc(O)c1,m-Cresol,1,-5.373,-5.373,-5.373,1,1,False,108.14,1.7006199999999998,32.843799999999995,20.23,1,1,0,1,1,8,0.1428571428571428,48.59057898608958,3.077660437970554,164.24662946459569,1,,,0.0,0.0,0.0,1.0,neutral
Cc1ccccc1,Toluene,1,-3.637,-3.637,-3.637,1,1,False,92.141,1.99502,31.17899999999999,0.0,0,0,0,1,1,7,0.1428571428571428,43.79634523389357,3.0214653097240864,129.96566024533826,0,,,0.0,0.0,0.0,1.0,neutral
Cc1ccccc1O,o-Cresol,1,-5.36,-5.36,-5.36,1,1,False,108.14,1.70062,32.843799999999995,20.23,1,1,0,1,1,8,0.1428571428571428,48.59057898608958,3.134861511345448,160.49662946459569,1,,,0.0,0.0,0.0,1.0,neutral
Cc1ccccc1OCC1CO1,o-Cresyl glycidyl ether,1,-7.588,-7.588,-7.588,1,1,False,164.20399999999998,1.77262,46.41400000000003,21.76,0,2,3,1,2,12,0.4,72.11243088256792,1.9604804174339308,266.2960188386611,2,,,0.0,0.0,0.0,1.0,neutral
ClC(Br)Br,Chlorodibromomethane,1,-4.255,-4.255,-4.255,1,1,False,208.28,2.2986000000000004,27.495,0.0,0,0,0,0,0,4,1.0,46.77761246599394,2.3237900077244498,10.75488750216347,3,,,0.0,0.0,0.0,1.0,neutral
ClC(Cl)Br,Bromodichloromethane,1,-4.301,-4.301,-4.301,1,1,False,163.829,2.1425,24.421,0.0,0,0,0,0,0,4,1.0,43.21333108723426,2.3237900077244498,10.75488750216347,3,,,0.0,0.0,0.0,1.0,neutral
ClC(Cl)Cl,Chloroform,1,-4.352,-4.352,-4.352,1,1,False,119.378,1.9864,21.347,0.0,0,0,0,0,0,4,1.0,39.64904970847457,2.3237900077244498,8.0,3,,,0.0,0.0,0.0,1.0,neutral
ClC1C(Cl)C(Cl)C(Cl)C(Cl)C1Cl,Lindane,4,-7.497999999999999,-8.784,-6.691,1,1,False,290.832,3.644400000000001,57.846000000000025,0.0,0,0,0,0,1,12,1.0,101.37772780757338,2.7602520756252087,103.58797503894242,6,,,0.0,0.0,0.0,1.0,neutral
Clc1ccc(COC(Cn2ccnc2)c2ccc(Cl)cc2Cl)c(Cl)c1,Miconazole,1,-3.858,-3.858,-3.858,1,1,False,416.1350000000001,6.454800000000002,102.68100000000004,27.05,0,2,6,3,3,25,0.1666666666666666,165.60580790040453,1.826992247398341,852.2873328004229,7,4.3535441240733945,,0.9991022527937372,0.0,0.9991022527937372,0.0008977472062627889,acid
Clc1cccc(Cl)c1NC1=NCCN1,Clonidine hydrochloride,1,-8.117,-8.117,-8.117,1,1,False,230.098,2.3645,60.38940000000001,36.42,2,3,1,1,2,14,0.2222222222222222,92.12197761599712,2.2296355832661514,356.0698580865507,5,,10.035538461538462,0.0,0.9976908214468053,0.9976908214468053,0.0023091785531946796,base
Clc1ccccc1C(c1ccccc1)(c1ccccc1)n1ccnc1,Clotrimazole,1,-9.255,-9.255,-9.255,1,1,False,344.845,5.376700000000004,101.84300000000002,17.82,0,1,4,4,4,25,0.0454545454545454,151.9096739675235,2.153583648156872,908.2706613028778,3,4.3535441240733945,,0.9991022527937372,0.0,0.9991022527937372,0.0008977472062627889,acid
Cn1c(=O)c2[nH]cnc2n(C)c1=O,Theophylline,4,-7.595,-8.234,-6.894,2,3,False,180.167,-1.0397000000000003,46.57570000000001,72.68,1,3,0,2,2,13,0.2857142857142857,72.45404341715741,3.21185381303522,574.1705593822571,6,4.3535441240733945,,0.9991022527937372,0.0,0.9991022527937372,0.0008977472062627889,acid
Cn1c(=O)c2c(ncn2C)n(C)c1=O,Caffeine,13,-6.915,-7.556,-4.298,2,11,False,194.194,-1.0293,51.19600000000001,61.82,0,3,0,2,2,14,0.375,79.02895701814934,3.221281081084589,616.5285919942219,6,4.3535441240733945,,0.9991022527937372,0.0,0.9991022527937372,0.0008977472062627889,acid
Cn1c(N)nc2c3cccnc3ccc21,"3-Methyl-3H-imidazo[4,5-f]quinolin-2-amine",2,-6.0015,-6.016,-5.987,1,1,False,198.229,1.7037,60.42740000000002,56.73,1,3,0,3,3,15,0.0909090909090909,86.35799286387936,2.600988463864525,654.0413933819901,4,4.3535441240733945,,0.9991022527937372,0.0,0.9991022527937372,0.0008977472062627889,acid
N#CC(Br)Br,Dibromoacetonitrile,1,-4.326,-4.326,-4.326,1,1,False,198.845,1.62588,27.255,23.79,0,1,0,0,0,5,0.5,47.2318680349776,2.939447246323328,53.1585154960715,3,,,0.0,0.0,0.0,1.0,neutral
N#CC(Cl)(Cl)Cl,Trichloroacetonitrile,1,-4.604,-4.604,-4.604,1,1,False,144.388,1.88018,25.903,23.79,0,1,0,0,0,6,0.5,50.40657150433989,3.552734354515761,75.77443751081735,4,,,0.0,0.0,0.0,1.0,neutral
N#CC(Cl)Br,Bromochloroacetonitrile,1,-4.352,-4.352,-4.352,1,1,False,154.394,1.46978,24.181,23.79,0,1,0,0,0,5,0.5,43.6675866562179,2.939447246323328,55.1585154960715,3,,,0.0,0.0,0.0,1.0,neutral
N#CC(Cl)Cl,Dichloroacetonitrile,1,-4.38,-4.38,-4.38,1,1,False,109.943,1.31368,21.107,23.79,0,1,0,0,0,5,0.5,40.10330527745822,2.939447246323328,53.1585154960715,3,,,0.0,0.0,0.0,1.0,neutral
N#CCCl,Chloroacetonitrile,1,-4.561,-4.561,-4.561,1,1,False,75.49799999999999,0.74878,16.333,23.79,0,1,0,0,0,4,0.5,29.800039050576547,2.4330963097956357,35.79319390447952,2,,,0.0,0.0,0.0,1.0,neutral
N#Cc1ccc(O)cc1,4-Cyanophenol,1,-5.731,-5.731,-5.731,1,1,False,119.12299999999996,1.26388,32.8218,44.02,1,2,0,1,1,9,0.0,52.98315866755829,3.0560383962272617,232.0882179862608,2,,,0.0,0.0,0.0,1.0,neutral
N=c1nc(N2CCCCC2)cc(N)n1O,Minoxidil,1,-5.477,-5.477,-5.477,1,1,False,209.253,0.1723700000000003,55.74260000000002,91.16,3,5,1,1,2,15,0.5555555555555556,87.432897604594,2.316398284375318,407.4539977349053,6,4.3535441240733945,8.159107682388349,0.9991022527937372,0.8516890021589267,0.9991022527937372,0.0008977472062627889,ampholyte
NC(=O)Cc1ccc(O)cc1,4-Hydroxyphenylacetamide,1,-6.903,-6.903,-6.903,1,1,False,151.165,0.4199999999999999,41.005200000000016,63.32000000000001,2,2,2,1,1,11,0.125,64.45693389754267,2.7362980721056545,253.29949758389105,3,,8.159107682388349,0.0,0.8516890021589267,0.8516890021589267,0.14831099784107327,base
NC(=O)c1cccnc1,Niacinamide,4,-7.755,-9.202,-6.273,1,1,False,122.12699999999997,0.1805000000000001,32.7549,55.98,1,2,1,1,1,9,0.0,52.51740601189656,2.981454614041131,207.5576620543373,3,4.3535441240733945,8.159107682388349,0.9991022527937372,0.8516890021589267,0.9991022527937372,0.0008977472062627889,ampholyte
NC(CC(=O)O)C(=O)O,Aspartic acid,2,-7.5085,-7.585,-7.432,1,1,False,133.10299999999998,-1.127,27.864,100.62000000000002,3,3,3,0,0,9,0.5,51.08547977251164,3.632432151939845,132.52932501298082,5,,8.159107682388349,0.0,0.8516890021589267,0.8516890021589267,0.14831099784107327,base
NC(N)=Nc1nc(CSCCC(N)=NS(N)(=O)=O)cs1,Famotidine,1,-8.345,-8.345,-8.345,1,1,False,337.456,-0.7679999999999998,83.0924,175.82999999999998,4,6,7,1,1,20,0.375,124.28559613101793,2.366985109789652,603.3416169759435,12,4.3535441240733945,10.035538461538462,0.9991022527937372,0.9976908214468053,0.9991022527937372,0.0008977472062627889,ampholyte
NC(N)=O,Urea,2,-7.3515,-7.386,-7.317,1,2,False,60.056,-0.9762000000000002,13.7708,69.11,2,1,0,0,0,4,0.0,23.580554521898744,2.8030394876740514,29.019550008653876,3,,8.159107682388349,0.0,0.8516890021589267,0.8516890021589267,0.14831099784107327,base
NCC(=O)CCC(=O)O,5-Aminolevulinic acid,1,-7.711,-7.711,-7.711,1,1,False,131.131,-0.6210000000000004,30.931199999999997,80.39,2,3,4,0,0,9,0.6,52.65618813471223,3.2762115375101843,121.3715149046361,4,,8.159107682388349,0.0,0.8516890021589267,0.8516890021589267,0.14831099784107327,base
NCCCC[C@H](N)C(=O)O,Lysine,2,-7.094,-7.328,-6.86,1,1,False,146.19,-0.4726999999999995,38.5166,89.34,3,3,5,0,0,10,0.8333333333333334,60.1994988460778,3.2148768968244483,105.9209386162151,4,,8.159107682388349,0.0,0.8516890021589267,0.8516890021589267,0.14831099784107327,base
NCCO,Ethanolamine,1,-7.14,-7.14,-7.14,1,1,False,61.084,-1.0626000000000002,16.140200000000004,46.25,2,2,1,0,0,4,1.0,25.238317591434885,1.9747448713915892,8.0,2,,8.159107682388349,0.0,0.8516890021589267,0.8516890021589267,0.14831099784107327,base
N[C@@H](Cc1c[nH]cn1)C(=O)O,Histidine,3,-7.903,-7.907,-7.812,1,1,False,155.15699999999998,-0.6359000000000001,37.9029,92.0,3,3,3,1,1,11,0.3333333333333333,63.250684413900096,2.4987607772382447,231.98525149250435,5,4.3535441240733945,8.159107682388349,0.9991022527937372,0.8516890021589267,0.9991022527937372,0.0008977472062627889,ampholyte
Nc1cc([N+](=O)[O-])ccc1O,2-Amino-4-Nitrophenol,2,-7.408,-8.079,-6.737,1,1,False,154.125,0.8825999999999998,39.173600000000015,89.39,2,4,1,1,1,11,0.0,62.21850329120548,3.1515496683060507,297.8789117242989,5,,,0.0,0.0,0.0,1.0,neutral
Nc1ccc(Cc2ccc(N)cc2)cc1,"4,4'-Methylenedianiline",1,-6.219,-6.219,-6.219,1,1,False,198.269,2.4418000000000006,64.51480000000002,52.04,2,2,2,2,2,15,0.0769230769230769,89.53322083398305,2.1467113756182017,385.5980616534615,2,,,0.0,0.0,0.0,1.0,neutral
Nc1ccc(Cl)c(N)c1,4-Chloro-m-Phenylenediamine,1,-6.234,-6.234,-6.234,1,1,False,142.58900000000003,1.5044,40.2768,52.04,2,2,0,1,1,9,0.0,58.414450740404064,3.171678030440916,222.29788705001036,3,,,0.0,0.0,0.0,1.0,neutral
Nc1ccc(Cl)cc1,p-Chloroaniline,2,-4.999499999999999,-5.004,-4.995,1,1,False,127.574,1.9222,35.86440000000002,26.02,1,1,0,1,1,8,0.0,53.07456004339135,3.0324555320336755,147.38833891467198,2,,,0.0,0.0,0.0,1.0,neutral
Nc1ccc(N)c([N+](=O)[O-])c1,2-Nitro-p-Phenylenediamine,3,-5.829,-6.857,-5.659,2,2,False,153.14100000000002,0.7592000000000001,41.9212,95.18,2,4,1,1,1,11,0.0,62.76416023602219,3.232208870305491,297.8789117242989,5,,,0.0,0.0,0.0,1.0,neutral
Nc1ccc(N)cc1,p-Phenylenediamine,3,-6.373,-7.176,-6.305,2,2,False,108.144,0.8510000000000002,35.2668,52.04,2,2,0,1,1,8,0.0,48.11118451352239,3.0324555320336755,145.38833891467198,2,,,0.0,0.0,0.0,1.0,neutral
Nc1ccc(NCCO)c([N+](=O)[O-])c1,HC Red No. 3,2,-5.977,-6.075,-5.879,1,1,False,197.194,0.5811999999999999,53.08430000000001,101.42,3,5,4,1,1,14,0.25,80.49824970360675,2.9603825880309405,340.60343105282635,6,,8.159107682388349,0.0,0.8516890021589267,0.8516890021589267,0.14831099784107327,base
Nc1ccc(O)c([N+](=O)[O-])c1,4-Amino-2-Nitrophenol,2,-6.8655,-7.622,-6.109,1,1,False,154.125,0.8825999999999998,39.17360000000001,89.39,2,4,1,1,1,11,0.0,62.21850329120549,3.232208870305491,297.8789117242989,5,,,0.0,0.0,0.0,1.0,neutral
Nc1ccc(O)cc1,p-Aminophenol,2,-5.087,-5.731,-4.443,1,1,False,109.128,0.9744,32.5192,46.25,2,2,0,1,1,8,0.0,47.56552756870569,3.0324555320336755,147.38833891467198,2,,,0.0,0.0,0.0,1.0,neutral
Nc1ccc(O)cc1[N+](=O)[O-],4-Amino-3-nitrophenol,2,-5.758,-5.823,-5.693,1,1,False,154.125,0.8825999999999998,39.17360000000001,89.39,2,4,1,1,1,11,0.0,62.21850329120549,3.232208870305492,297.8789117242989,5,,,0.0,0.0,0.0,1.0,neutral
Nc1ccc([N+](=O)[O-])cc1N,4-Nitro-o-phenylenediamine,2,-5.7010000000000005,-5.718,-5.684,1,1,False,153.141,0.7592000000000001,41.9212,95.18,2,4,1,1,1,11,0.0,62.76416023602219,3.1515496683060507,297.8789117242989,5,,,0.0,0.0,0.0,1.0,neutral
Nc1ccccc1N,o-Phenylenediamine,1,-6.903,-6.903,-6.903,1,1,False,108.144,0.851,35.2668,52.04,2,2,0,1,1,8,0.0,48.11118451352239,3.134861511345448,162.63833891467198,2,,,0.0,0.0,0.0,1.0,neutral
Nc1ccn([C@@H]2O[C@H](CO)[C@@H](O)[C@@H]2O)c(=O)n1,Cytarabine,1,-8.856,-8.856,-8.856,1,1,False,243.219,-2.563,55.91880000000002,130.82999999999998,4,7,2,1,2,17,0.5555555555555556,95.89720926959052,2.3196952658217853,462.1897021796713,8,4.3535441240733945,,0.9991022527937372,0.0,0.9991022527937372,0.0008977472062627889,acid
Nc1nc(=O)c2ncn(COCCO)c2[nH]1,Acyclovir,2,-7.4285,-7.778,-7.079,1,1,False,225.208,-1.3318000000000003,55.59890000000001,119.05,3,6,4,2,2,16,0.375,89.69516162363054,2.360787751450609,546.0876253223264,8,4.3535441240733945,,0.9991022527937372,0.0,0.9991022527937372,0.0008977472062627889,acid
O=C(CCCN1CCC(O)(c2ccc(Cl)cc2)CC1)c1ccc(F)cc1,Haloperidol,1,-7.03,-7.03,-7.03,1,1,False,375.87100000000015,4.425600000000004,100.98730000000003,40.540000000000006,1,3,6,2,3,26,0.3809523809523809,157.95153635385225,1.4445792101332056,737.611323693879,5,,8.159107682388349,0.0,0.8516890021589267,0.8516890021589267,0.14831099784107327,base
O=C(NCCO[N+](=O)[O-])c1cccnc1,Nicorandil,1,-7.131,-7.131,-7.131,1,1,False,211.177,0.0196999999999998,49.51660000000002,94.36,1,5,5,1,1,15,0.25,85.17782117876975,2.282270098685993,340.9998353379908,7,4.3535441240733945,8.159107682388349,0.9991022527937372,0.8516890021589267,0.9991022527937372,0.0008977472062627889,ampholyte
O=C(O)/C=C/c1ccccc1,trans-Cinnamic acid,2,-5.952999999999999,-6.032,-5.874,1,1,False,148.161,1.7844,43.11180000000002,37.3,1,1,2,1,1,11,0.0,64.79238228274231,2.7217735540687813,262.1510390605948,2,,,0.0,0.0,0.0,1.0,neutral
O=C(O)C(Br)Br,Dibromoacetic acid,1,-6.141,-6.141,-6.141,1,1,False,217.844,1.1869,29.2778,37.3,1,1,1,0,0,6,0.5,51.79504420574866,3.2575861612334887,60.568425030288566,4,,,0.0,0.0,0.0,1.0,neutral
O=C(O)C(Cl)(Cl)Cl,Trichloroacetic acid,1,-6.278,-6.278,-6.278,1,1,False,163.387,1.4412,27.9258,37.3,1,1,0,0,0,7,0.5,54.96974767511096,3.7911184170869663,83.42592196522058,5,,,0.0,0.0,0.0,1.0,neutral
O=C(O)C(Cl)Br,Bromochloroacetic acid,1,-6.352,-6.352,-6.352,1,1,False,173.393,1.0308,26.2038,37.3,1,1,1,0,0,6,0.5,48.23076282698897,3.2575861612334887,62.568425030288566,4,,,0.0,0.0,0.0,1.0,neutral
O=C(O)C(Cl)Cl,Dichloroacetic acid,1,-6.278,-6.278,-6.278,1,1,False,128.942,0.8747,23.1298,37.3,1,1,1,0,0,6,0.5,44.66648144822928,3.2575861612334887,60.568425030288566,4,,,0.0,0.0,0.0,1.0,neutral
O=C(O)C(F)(F)C(F)(F)C(F)(F)C(F)(F)C(F)(F)C(F)(F)C(F)(F)F,Perfluorooctanoic acid,3,-7.793,-7.913,-4.816,1,1,False,414.064,4.4451,43.3728,37.3,1,1,6,0,0,25,0.875,124.73263272473908,6.547079013921287,530.1396708751446,17,,,0.0,0.0,0.0,1.0,neutral
O=C(O)CBr,Bromoacetic acid,1,-6.41,-6.41,-6.41,1,1,False,138.948,0.4659,21.4298,37.3,1,1,1,0,0,5,0.5,37.92749660010729,2.847378923087672,42.91260938324327,3,,,0.0,0.0,0.0,1.0,neutral
O=C(O)CCCCl,4-Chlorobutyric acid,2,-5.518000000000001,-5.527,-5.509,1,1,False,122.55100000000002,1.09,27.58979999999999,37.3,1,1,3,0,0,7,0.75,47.093099450140826,2.8219389370591843,62.710134480364864,3,,,0.0,0.0,0.0,1.0,neutral
O=C(O)CCl,Chloroacetic acid,1,-6.515,-6.515,-6.515,1,1,False,94.497,0.3098,18.3558,37.3,1,1,1,0,0,5,0.5,34.36321522134761,2.847378923087672,42.91260938324327,3,,,0.0,0.0,0.0,1.0,neutral
O=C(O)CN(CC(=O)O)Cc1cc2c(cc1O)Oc1cc(O)c(CN(CC(=O)O)CC(=O)O)cc1C21OC(=O)c2ccccc21,Calcein,3,-8.046,-8.652,-7.616,1,3,False,622.5390000000003,1.6082,149.1242999999999,231.67,6,11,12,3,5,45,0.2333333333333333,253.2330054101413,1.6903584161458456,1626.2839304970937,15,,8.159107682388349,0.0,0.8516890021589267,0.8516890021589267,0.14831099784107327,base
O=C(O)CNCP(=O)(O)O,Glyphosate,1,-6.894,-6.894,-6.894,1,1,False,169.073,-1.2042000000000002,32.54959999999999,106.86,4,3,4,0,0,10,0.6666666666666666,57.02616121321046,3.386337639688872,162.2759984831296,7,,8.159107682388349,0.0,0.8516890021589267,0.8516890021589267,0.14831099784107327,base
O=C(O)CS,Thioglycolic acid,2,-5.2165,-5.245,-5.188,1,1,False,92.119,0.0008,21.4888,37.3,2,2,1,0,0,5,0.5,35.21501565786766,2.847378923087672,42.91260938324327,3,,,0.0,0.0,0.0,1.0,neutral
O=C(O)Cc1ccc(O)cc1,4-Hydroxyphenylacetic acid,1,-6.158,-6.158,-6.158,1,1,False,152.149,1.0193,39.44660000000002,57.53,2,2,2,1,1,11,0.125,63.91127695272596,2.7362980721056545,250.5446100817276,3,,,0.0,0.0,0.0,1.0,neutral
O=C(O)Cc1ccccc1Nc1c(Cl)cccc1Cl,Diclofenac,1,-6.556,-6.556,-6.556,1,1,True,296.153,4.364100000000001,77.52650000000003,49.33,2,2,4,2,2,19,0.0714285714285714,120.33053204396538,2.355887944232104,593.8950014443018,5,,,0.0,0.0,0.0,1.0,neutral
O=C(O)c1ccccc1,Benzoic acid,6,-5.4155,-6.038,-4.981,2,4,False,122.12299999999996,1.3848,33.4013,37.3,1,1,1,1,1,9,0.0,52.75210108613335,2.981454614041131,203.415952604261,2,,,0.0,0.0,0.0,1.0,neutral
O=C(O)c1ccccc1Nc1cccc(C(F)(F)F)c1,Flufenamic acid,4,-6.1525,-6.201,-6.094,1,1,True,281.23299999999995,4.1472000000000016,68.12800000000001,49.33,2,2,3,2,2,20,0.0714285714285714,112.22060579898074,2.337930511639871,638.3112969345251,6,,,0.0,0.0,0.0,1.0,neutral
O=C(O)c1ccccc1O,Salicylic acid,6,-5.988,-7.556,-5.136,1,6,True,138.122,1.0903999999999998,35.066100000000006,57.53,2,2,1,1,1,10,0.0,57.54633483832936,3.1529414466808685,254.78306142431708,3,,,0.0,0.0,0.0,1.0,neutral
O=C(O)c1ccncc1,Isonicotinic acid,1,-8.173,-8.173,-8.173,1,1,False,123.11099999999998,0.7797999999999999,31.196299999999997,50.19,1,2,1,1,1,9,0.0,51.97174906707987,2.981454614041131,207.5576620543373,3,4.3535441240733945,,0.9991022527937372,0.0,0.9991022527937372,0.0008977472062627889,acid
O=C(OCCOCCOCCO)c1cccnc1,Triglycol nicotinate,1,-8.561,-8.561,-8.561,1,1,False,255.27,0.2638999999999996,63.24330000000004,77.88000000000001,1,6,9,1,1,18,0.5,105.50203744198016,1.9957957501933392,330.49947169554474,6,4.3535441240733945,,0.9991022527937372,0.0,0.9991022527937372,0.0008977472062627889,acid
O=C(OCc1ccccc1)c1cccnc1,Benzyl nicotinate,1,-5.348,-5.348,-5.348,1,1,False,213.236,2.4386,59.79850000000003,39.19,0,3,3,2,2,16,0.0769230769230769,93.71309686485137,1.9460332806831828,453.87351462573264,3,4.3535441240733945,,0.9991022527937372,0.0,0.9991022527937372,0.0008977472062627889,acid
O=C(c1ccccc1)c1ccc2n1CCC2C(=O)O,Ketorolac,1,-5.799,-5.799,-5.799,1,1,True,255.273,2.291,69.30030000000002,59.3,1,2,3,2,3,19,0.2,109.843786603908,1.9881168620497731,642.6652275716834,4,4.3535441240733945,,0.9991022527937372,0.0,0.9991022527937372,0.0008977472062627889,acid
O=C(c1ccccc1)c1ccccc1,Benzophenone,2,-3.4345,-3.569,-3.3,1,1,False,182.222,2.917600000000001,56.316500000000026,17.07,0,1,2,2,2,14,0.0,83.01496154000138,2.348637604509715,376.003255415297,1,,,0.0,0.0,0.0,1.0,neutral
O=C/C=C/c1ccccc1,trans-Cinnamaldehyde,2,-5.0165,-5.092,-4.941,1,1,False,132.16199999999998,1.8987,41.54000000000002,17.07,0,1,2,1,1,10,0.0,59.998148530546295,2.7587670006154434,223.7433990600969,1,,,0.0,0.0,0.0,1.0,neutral
O=C=Nc1ccc(Br)cc1,4-Bromophenyl isocyanate,2,-5.4545,-5.601,-5.308,1,1,False,198.019,2.4164000000000003,41.92350000000001,29.43,0,2,1,1,1,10,0.0,66.72073742543883,2.996027732101816,261.43952526087224,3,,,0.0,0.0,0.0,1.0,neutral
O=NN(CCO)CCO,n-Nitrosodiethanolamine,1,-5.944,-5.944,-5.944,1,1,False,134.13500000000002,-1.0456,31.539599999999982,73.13000000000001,2,4,5,0,0,9,1.0,52.84724655008021,3.2852998242074736,72.2129994085646,5,,8.159107682388349,0.0,0.8516890021589267,0.8516890021589267,0.14831099784107327,base
O=P1(N(CCCl)CCCl)NCCCO1,Cyclophosphamide monohydrate,2,-6.234500000000001,-6.375,-6.094,1,1,False,261.089,1.884,59.19120000000003,41.57000000000001,1,2,5,0,1,14,1.0,94.44153500749827,2.5822640284816734,201.8664756744443,7,,8.159107682388349,0.0,0.8516890021589267,0.8516890021589267,0.14831099784107327,base
O=S(=O)(c1ccc(O)cc1)c1ccc(O)cc1,Bisphenol S,3,-9.141,-9.745,-8.131,1,1,False,250.275,1.9306,61.665400000000034,74.60000000000001,2,4,2,2,2,17,0.0,98.70236321173964,2.496128967193728,561.0601341830188,5,,,0.0,0.0,0.0,1.0,neutral
O=[N+]([O-])OCC(CO[N+](=O)[O-])O[N+](=O)[O-],Nitroglycerin,1,-5.556,-5.556,-5.556,1,1,False,227.085,-1.0200999999999996,37.76020000000002,157.11,0,9,8,0,0,15,1.0,80.63081361107673,3.9922055468289934,234.9871242601569,12,,,0.0,0.0,0.0,1.0,neutral
O=[N+]([O-])O[C@@H]1CO[C@H]2[C@@H]1OC[C@@H]2O,Isosorbide 5-mononitrate,1,-6.959,-6.959,-6.959,1,1,False,191.139,-1.2782000000000004,37.354200000000006,91.06000000000002,1,6,2,0,2,13,1.0,73.29418295544856,1.9795730634118365,221.1700163058029,7,,,0.0,0.0,0.0,1.0,neutral
O=[N+]([O-])O[C@H]1CO[C@H]2[C@@H]1OC[C@H]2O[N+](=O)[O-],Isosorbide dinitrate,1,-5.503,-5.503,-5.503,1,1,False,236.136,-1.0622000000000005,43.21480000000002,123.20000000000002,0,8,4,0,2,16,1.0,88.22050865473719,1.948118235012669,278.90366073218416,10,,,0.0,0.0,0.0,1.0,neutral
O=[N+]([O-])c1ccc(Cl)c([N+](=O)[O-])c1,"2,4-Dinitrochlorobenzene",2,-5.079000000000001,-5.102,-5.056,1,1,False,202.553,2.1564000000000005,44.76080000000001,86.28,0,4,2,1,1,13,0.0,77.04062079137823,3.267052212361692,378.8970430243959,7,,,0.0,0.0,0.0,1.0,neutral
O=[N+]([O-])c1ccc(O)cc1,p-Nitrophenol,1,-5.81,-5.81,-5.81,1,1,False,139.11,1.3003999999999998,34.76120000000001,63.370000000000005,1,3,1,1,1,10,0.0,56.87861259419277,3.003400684579818,241.6747708743933,4,,,0.0,0.0,0.0,1.0,neutral
O=[N+]([O-])c1cccc(O)c1,m-Nitrophenol,1,-5.805,-5.805,-5.805,1,1,False,139.11,1.3004,34.76120000000001,63.370000000000005,1,3,1,1,1,10,0.0,56.87861259419277,3.069899265759275,258.9247708743934,4,,,0.0,0.0,0.0,1.0,neutral
O=[N+]([O-])c1ccccc1,Nitrobenzene,2,-4.8255,-4.851,-4.8,1,1,False,123.11099999999996,1.5948,33.0964,43.14,0,2,1,1,1,9,0.0,52.08437884199676,2.981454614041131,207.5576620543373,3,,,0.0,0.0,0.0,1.0,neutral
O=c1[nH]cc(F)c(=O)[nH]1,5-Fluorouracil,3,-7.574,-8.015,-7.297,1,3,False,130.078,-0.7977000000000001,27.641399999999997,65.72,2,2,0,1,1,9,0.0,48.35927868440376,3.5238977189940166,312.83394095677266,5,,,0.0,0.0,0.0,1.0,neutral
OC(O)C(Cl)(Cl)Cl,Chloral hydrate,1,-5.965,-5.965,-5.965,1,1,False,165.403,0.6672999999999998,28.5156,40.46,2,2,0,0,0,7,1.0,55.602459327263205,3.541196965079901,56.44547197387445,5,,,0.0,0.0,0.0,1.0,neutral
OC/C=C/c1ccccc1,Cinnamyl alcohol,2,-5.029,-5.035,-5.023,1,1,False,134.178,1.6921,42.56180000000003,20.23,1,1,2,1,1,10,0.1111111111111111,60.63086018269854,2.6706454809601627,201.22806798157623,1,,,0.0,0.0,0.0,1.0,neutral
OCCOc1ccccc1,2-phenoxyethanol,1,-6.43,-6.43,-6.43,1,1,False,138.16599999999997,1.0577,39.02280000000002,29.46,1,2,3,1,1,10,0.25,60.06906632999306,2.4265223465879537,171.872282370036,2,,,0.0,0.0,0.0,1.0,neutral
OCCc1ccccc1,2-Phenylethanol,1,-5.276,-5.276,-5.276,1,1,False,122.16699999999996,1.2214,37.23180000000001,20.23,1,1,2,1,1,9,0.25,54.95552110048619,2.61489994009295,157.4784207656209,1,,,0.0,0.0,0.0,1.0,neutral
OC[C@@H](O)[C@@H](O)[C@H](O)[C@H](O)CO,Mannitol,4,-7.8665,-8.158,-7.771,1,3,False,182.172,-3.5854000000000004,38.198800000000006,121.38,6,6,5,0,0,12,1.0,69.32936411298864,3.9851644508585786,104.6059378176129,6,,,0.0,0.0,0.0,1.0,neutral
OC[C@H]1O[C@@](CO)(O[C@H]2O[C@H](CO)[C@@H](O)[C@H](O)[C@H]2O)[C@@H](O)[C@@H]1O,Sucrose,4,-8.711500000000001,-8.84,-8.075,1,3,False,342.297,-5.395599999999993,68.64140000000003,189.53,8,11,5,0,2,23,1.0,130.4364576852225,2.1772696581273263,393.2032272794937,11,,,0.0,0.0,0.0,1.0,neutral
OC[C@H]1O[C@H](OC[C@H]2O[C@H](O[C@]3(CO)O[C@H](CO)[C@@H](O)[C@@H]3O)[C@H](O)[C@@H](O)[C@@H]2O)[C@H](O)[C@@H](O)[C@H]1O,Raffinose,1,-8.208,-8.208,-8.208,1,1,False,504.4380000000001,-7.571399999999989,101.2748,268.67999999999995,11,16,8,0,3,34,1.0,192.23007093367468,1.6897643338729131,653.442936810205,16,,,0.0,0.0,0.0,1.0,neutral
OCc1ccc(O)cc1,4-Hydroxybenzyl alcohol,1,-6.255,-6.255,-6.255,1,1,False,124.13899999999995,0.8845000000000001,34.029599999999995,40.46,2,2,1,1,1,9,0.1428571428571428,53.3848127382856,2.881555877646136,178.61256853719752,2,,,0.0,0.0,0.0,1.0,neutral
Oc1c(Cl)cc(Cl)cc1Cl,"2,4,6-Trichlorophenol",1,-4.783,-4.783,-4.783,1,1,False,197.448,3.3523999999999994,43.13680000000001,20.23,1,1,0,1,1,10,0.0,73.135435552338,3.310532874722407,236.16499587006643,4,,,0.0,0.0,0.0,1.0,neutral
Oc1cc(Cl)ccc1Oc1ccc(Cl)cc1Cl,Triclosan,3,-5.039,-7.269,-4.114,2,2,False,289.545,5.144700000000002,69.65280000000003,29.46,1,2,2,2,2,17,0.0,113.3060749879089,2.3122378354877973,505.9421592432012,5,,,0.0,0.0,0.0,1.0,neutral
Oc1cc(O)cc(O)c1,Phloroglucinol,1,-6.066,-6.066,-6.066,1,1,False,126.11099999999996,0.8033999999999999,31.436399999999995,60.69,3,3,0,1,1,9,0.0,51.814104376085,3.165670309917317,169.06517765499825,3,,,0.0,0.0,0.0,1.0,neutral
Oc1ccc(Br)cc1,p-Bromophenol,1,-4.999,-4.999,-4.999,1,1,False,173.009,2.1547,35.80680000000001,20.23,1,1,0,1,1,8,0.0,56.09318447733433,3.0324555320336755,147.38833891467198,2,,,0.0,0.0,0.0,1.0,neutral
Oc1ccc(Cl)cc1,p-Chlorophenol,1,-4.996,-4.996,-4.996,1,1,False,128.558,2.0456,33.1168,20.23,1,1,0,1,1,8,0.0,52.52890309857465,3.0324555320336755,147.38833891467198,2,,,0.0,0.0,0.0,1.0,neutral
Oc1ccc(Cl)cc1Cl,"2,4-Dichlorophenol",2,-4.9215,-5.065,-4.778,1,2,False,163.003,2.699,38.12680000000001,20.23,1,1,0,1,1,9,0.0,62.83216932545633,3.171678030440915,222.29788705001036,3,,,0.0,0.0,0.0,1.0,neutral
Oc1ccc(O)c(O)c1,"1,2,4-Benzenetriol",1,-7.456,-7.456,-7.456,1,1,False,126.11099999999998,0.8033999999999999,31.436399999999995,60.69,3,3,0,1,1,9,0.0,51.814104376085,3.171678030440916,219.54299954784685,3,,,0.0,0.0,0.0,1.0,neutral
Oc1ccc(O)cc1,Hydroquinone,2,-7.546,-8.586,-6.506,1,2,False,110.11199999999998,1.0978,29.7716,40.46,2,2,0,1,1,8,0.0,47.01987062388899,3.0324555320336755,145.38833891467198,2,,,0.0,0.0,0.0,1.0,neutral
Oc1ccc2ccccc2c1,2-Naphthol,2,-4.933999999999999,-5.111,-4.757,1,2,False,144.17299999999997,2.5454,45.61280000000002,20.23,1,1,0,2,2,11,0.0,64.90730140342819,2.828901215620696,379.2844903986784,1,,,0.0,0.0,0.0,1.0,neutral
Oc1cccc(O)c1,Resorcinol,4,-6.269500000000001,-7.176,-5.836,2,3,False,110.11199999999998,1.0978,29.771599999999992,40.46,2,2,0,1,1,8,0.0,47.01987062388899,3.077660437970554,166.38833891467198,2,,,0.0,0.0,0.0,1.0,neutral
Oc1cccc(O)c1O,Pyrogallol,1,-6.366,-6.366,-6.366,1,1,False,126.11099999999998,0.8033999999999997,31.436399999999992,60.69,3,3,0,1,1,9,0.0,51.814104376085,3.2478347337367026,199.2929995478469,3,,,0.0,0.0,0.0,1.0,neutral
Oc1cccc2ccccc12,Naphthol,1,-5.141,-5.141,-5.141,1,1,False,144.17299999999997,2.5454000000000008,45.61280000000003,20.23,1,1,0,2,2,11,0.0,64.90730140342818,2.9131611636048604,374.0344903986784,1,,,0.0,0.0,0.0,1.0,neutral
Oc1ccccc1,Phenol,2,-5.6,-5.614,-5.586,1,2,False,94.113,1.3922,28.106799999999996,20.23,1,1,0,1,1,7,0.0,42.22563687169298,3.0214653097240864,134.10736969541455,1,,,0.0,0.0,0.0,1.0,neutral
Oc1ccccc1-c1ccccc1,2-Phenylphenol,2,-5.8245000000000005,-6.355,-5.294,1,1,False,170.211,3.059200000000001,53.54280000000003,20.23,1,1,1,2,2,13,0.0,77.28273107775702,2.5360704460016144,392.8790477621569,1,,,0.0,0.0,0.0,1.0,neutral
Oc1ccccc1Cl,o-Chlorophenol,1,-5.037,-5.037,-5.037,1,1,False,128.558,2.0456000000000003,33.1168,20.23,1,1,0,1,1,8,0.0,52.52890309857465,3.134861511345448,164.63833891467198,2,,,0.0,0.0,0.0,1.0,neutral
Oc1ccccc1O,Catechol,1,-6.066,-6.066,-6.066,1,1,False,110.11199999999998,1.0978,29.771599999999992,40.46,2,2,0,1,1,8,0.0,47.01987062388899,3.134861511345448,162.63833891467198,2,,,0.0,0.0,0.0,1.0,neutral
c1ccc2ccccc2c1,Naphthalene,2,-5.4735,-5.608,-5.339,1,1,False,128.17399999999995,2.839800000000001,43.94800000000003,0.0,0,0,0,2,2,10,0.0,60.11306765123217,2.888051601657992,271.01518240905483,0,,,0.0,0.0,0.0,1.0,neutral
c1ccc2cnccc2c1,Isoquinoline,1,-5.332,-5.332,-5.332,1,1,False,129.16199999999998,2.2348,41.743000000000016,12.89,0,1,0,2,2,10,0.0,59.33271563217868,2.888051601657992,275.7051383449476,1,4.3535441240733945,,0.9991022527937372,0.0,0.9991022527937372,0.0008977472062627889,acid
c1ccccc1,Benzene,3,-4.352,-4.511,-3.745,2,3,False,78.11399999999999,1.6866,26.441999999999997,0.0,0,0,0,1,1,6,0.0,37.43140311949697,3.000000000000001,71.96100505779535,0,,,0.0,0.0,0.0,1.0,neutral
