name,smarts,pka,kind
*Azide,[N+0:1]=[N+:2]=[N+0:3]-[H],4.65,base
AmidineGuanidine1,[N:1]-[C:2](-[N:3])=[NX2:4]-[H:5],12.025333333333334,base
AmidineGuanidine2,[C:1](-[N:2])=[NX2+0:3],10.035538461538462,base
Sulfate,"[SX4:1](=[O:2])(=[O:3])([O:4]-[C,c,N,n:5])-[OX2:6]-[H]",-2.36,acid
Sulfonate,"[SX4:1](=[O:2])(=[O:3])(-[C,c,N,n:4])-[OX2:5]-[H]",-1.8184615384615386,acid
Sulfinic_acid,[SX3:1](=[O:2])-[O:3]-[H],1.7933333333333332,acid
Phenyl_carboxyl,"[c,n,o:1]-[C:2](=[O:3])-[O:4]-[H]",3.463441968255319,acid
Carboxyl,[C:1](=[O:2])-[O:3]-[H],3.456652971502591,acid
Thioic_acid,"[C,c,N,n:1](=[O,S:2])-[SX2,OX2:3]-[H]",0.678267,acid
Phenyl_Thiol,"[c,n:1]-[SX2:2]-[H]",4.978235294117647,acid
Thiol,"[C,N:1]-[SX2:2]-[H]",9.12448275862069,acid
Phosphate,[PX4:1](=[O:2])(-[OX2:3]-[H])(-[O+0:4])-[OX2:5]-[H],2.4182608695652172,acid
Internal_phosphate_polyphos_chain,[$([PX4:1](=O)([OX2][PX4](=O)([OX2])(O[H]))([OX2][PX4](=O)(O[H])([OX2])))][O:2]-[H],0.9,acid
Initial_phosphate_like_in_ATP_ADP,"[$([PX4:1]([OX2][C,c,N,n])(=O)([OX2][PX4](=O)([OX2])(O[H])))]O-[H]",2.4182608695652172,acid
Phosphonate,"[PX4:1](=[O:2])(-[OX2:3]-[H])(-[C,c,N,n:4])-[OX2:5]-[H]",1.8835714285714287,acid
Phenol,"[c,n,o:1]-[O:2]-[H]",7.065359866910526,acid
Peroxide1,"[O:1]([$(C=O),$(C[Cl]),$(CF),$(C[Br]),$(CC#N):2])-[O:3]-[H]",8.738888888888889,acid
Peroxide2,[C:1]-[O:2]-[O:3]-[H],11.978235294117647,acid
O=C-C=C-OH,[O:1]=[C;R:2]-[C;R:3]=[C;R:4]-[O:5]-[H],3.554,acid
Vinyl_alcohol,[C:1]=[C:2]-[O:3]-[H],8.871850714285713,acid
Alcohol,[C:1]-[O:2]-[H],14.780384615384616,acid
N-hydroxyamide,[C:1](=[O:2])-[N:3]-[O:4]-[H],9.301904761904762,acid
*Ringed_imide1,"[O,S:1]=[C;R:2]([$([#8]),$([#7]),$([#16]),$([#6][Cl]),$([#6]F),$([#6][Br]):3])-[N;R:4]([C;R:5]=[O,S:6])-[H]",6.4525,acid
*Ringed_imide2,"[O,S:1]=[C;R:2]-[N;R:3]([C;R:4]=[O,S:5])-[H]",8.681666666666667,acid
*Imide,"[F,Cl,Br,S,s,P,p:1][#6:2][CX3:3](=[O,S:4])-[NX3+0:5]([CX3:6]=[O,S:7])-[H]",2.466666666666667,acid
*Imide2,"[O,S:1]=[CX3:2]-[NX3+0:3]([CX3:4]=[O,S:5])-[H]",10.23,acid
*Amide_electronegative,"[C:1](=[O:2])-[N:3](-[Br,Cl,I,F,S,O,N,P:4])-[H]",3.4896,acid
*Amide,[C:1](=[O:2])-[N:3]-[H],12.00611111111111,acid
*Sulfonamide,[SX4:1](=[O:2])(=[O:3])-[NX3+0:4]-[H],7.9160326086956525,acid
Anilines_primary,[c:1]-[NX3+0:2]([H:3])[H:4],3.899298673194805,base
Anilines_secondary,[c:1]-[NX3+0:2]([H:3])[!H:4],4.335408163265306,base
Anilines_tertiary,[c:1]-[NX3+0:2]([!H:3])[!H:4],4.16690685045614,base
Aromatic_nitrogen_unprotonated,[n+0&H0:1],4.3535441240733945,acid
Amines_primary_secondary_tertiary,[C:1]-[NX3+0:2],8.159107682388349,base
Phosphinic_acid,"[PX4:1](=[O:2])(-[C,c,N,n,F,Cl,Br,I:3])(-[C,c,N,n,F,Cl,Br,I:4])-[OX2:5]-[H]",2.9745,acid
Phosphate_diester,"[PX4:1](=[O:2])(-[OX2:3]-[C,c,N,n,F,Cl,Br,I:4])(-[O+0:5]-[C,c,N,n,F,Cl,Br,I:4])-[OX2:6]-[H]",2.7280434782608696,acid
Phosphonate_ester,"[PX4:1](=[O:2])(-[OX2:3]-[C,c,N,n,F,Cl,Br,I:4])(-[C,c,N,n,F,Cl,Br,I:5])-[OX2:6]-[H]",2.0868,acid
Primary_hydroxyl_amine,"[C,c:1]-[O:2]-[NH2:3]",4.035714285714286,base
*Indole_pyrrole,[c;R:1]1[c;R:2][c;R:3][c;R:4][n;R:5]1[H],14.52875,base
*Aromatic_nitrogen_protonated,[n:1]-[H],7.17,acid
