csmiles,name,n_rec,logkp,logkp_min,logkp_max,n_src,n_ref,analgesic,MW,logP,MR,TPSA,HBD,HBA,RotB,AromRings,Rings,HeavyAtoms,FracCSP3,LabuteASA,BalabanJ,BertzCT,HeteroAtoms,ad_dist,in_ad,"pred_PG-form refit (logP, MW)",pred_MLR (all descriptors),pred_Ridge (all descriptors),pred_Random forest,pred_Gradient boosting (XGB),pred_PottsGuy,klass
CC(=O)Oc1ccccc1C(=O)O,Acetylsalicylic Acid,1,-5.696,-5.696,-5.696,1,1,True,180.159,1.3101,44.71030000000002,63.60000000000001,1,3,2,1,1,13,0.1111111111111111,74.75705264447721,3.0435273546341013,343.2228677267164,4,0.6090900085989703,True,-6.228565892809067,-5.8242072144864006,-5.955011524248938,-5.759982910714276,-5.885166,-6.445101400767287,NSAID / non-opioid
CC(C(=O)O)c1ccc(-c2ccccc2)c(F)c1,Flurbiprofen,1,-5.331,-5.331,-5.331,1,1,True,244.265,3.6808000000000014,67.88680000000002,37.3,1,1,3,2,2,18,0.1333333333333333,104.70461492391684,2.4013638717125736,563.9612141459352,3,0.8722226347671187,True,-6.000718818374173,-6.228112225211318,-6.224770323992921,-6.532722298115085,-6.629547,-5.152951000767287,NSAID / non-opioid
CC(C(=O)O)c1ccc2c(c1)Cc1cccnc1O2,Pranoprofen,1,-6.973,-6.973,-6.973,1,1,True,255.273,2.9662000000000006,69.60980000000004,59.42,1,3,2,2,3,19,0.2,110.23138369231135,1.982359796493996,651.588988374735,4,1.3271028226169292,True,-6.2094399280948265,-6.415352704457517,-6.48591022514745,-7.180851024305546,-6.529092,-5.727465800767288,NSAID / non-opioid
CC(C(=O)O)c1cccc(C(=O)c2ccccc2)c1,Ketoprofen,3,-6.768,-7.176,-6.151,2,3,True,254.285,3.105700000000001,72.36730000000003,54.37,1,2,4,2,2,19,0.125,111.065543735431,2.340041731439612,602.4009276194483,3,1.004890508466983,True,-6.174054606530759,-6.210098363918312,-6.325874043248865,-6.782809941964289,-6.2874913,-5.622394000767287,NSAID / non-opioid
CC(C(=O)OC[C@H]1OC(O)[C@@H](O)[C@@H](O)[C@@H]1O)c1ccc(-c2ccccc2)c(F)c1,Flurbiprofen mannoside,1,-6.935,-6.935,-6.935,1,1,True,406.4060000000001,0.9393000000000002,100.11020000000003,116.45000000000002,4,7,5,2,3,29,0.3809523809523809,166.498228172369,1.6372710911898087,844.1781829133309,8,0.5576094028544707,True,-7.355085523858174,-7.499359468597698,-7.5687789280630815,-7.565785484375,-7.803794,-8.088476100767288,NSAID / non-opioid
CC(C(=O)OC[C@H]1OC(O)[C@@H](O)[C@@H](O)[C@@H]1O)c1cccc(C(=O)c2ccccc2)c1,Ketoprofen mannoside,1,-7.594,-7.594,-7.594,1,1,True,416.42600000000016,0.3642000000000001,104.5907,133.52,4,8,6,2,3,30,0.3636363636363636,172.85915698388314,1.6433904488066882,883.7160881505026,8,0.3962101615485895,True,-7.52842131201476,-7.481858437957108,-7.664481767722611,-7.414141769841263,-7.60287,-8.557919100767288,NSAID / non-opioid
CC(C(=O)OC[C@H]1OC(O)[C@H](O)[C@@H](O)[C@@H]1O)c1ccc(-c2ccccc2)c(F)c1,Flurbiprofen glucoside,1,-6.477,-6.477,-6.477,1,1,True,406.4060000000001,0.9393000000000002,100.11020000000003,116.45000000000002,4,7,5,2,3,29,0.3809523809523809,166.498228172369,1.6372710911898087,844.1781829133309,8,0.5576094028544707,True,-7.355085523858174,-7.499359468597698,-7.5687789280630815,-7.565785484375,-7.803794,-8.088476100767288,NSAID / non-opioid
CC(C(=O)OC[C@H]1OC(O)[C@H](O)[C@@H](O)[C@@H]1O)c1cccc(C(=O)c2ccccc2)c1,Ketoprofen glucoside,1,-7.731,-7.731,-7.731,1,1,True,416.42600000000016,0.3642000000000001,104.5907,133.52,4,8,6,2,3,30,0.3636363636363636,172.85915698388314,1.6433904488066882,883.7160881505026,8,0.3962101615485895,True,-7.52842131201476,-7.481858437957108,-7.664481767722611,-7.414141769841263,-7.60287,-8.557919100767288,NSAID / non-opioid
CC(C)Cc1ccc(C(C)C(=O)O)cc1,Ibuprofen,6,-5.7620000000000005,-6.244,-4.996,2,5,True,206.285,3.073200000000001,61.03480000000004,37.3,1,1,4,1,1,15,0.4615384615384615,90.94175377251302,2.7590371332701524,324.8941190021566,2,0.8318926243260136,True,-5.95961851442287,-6.0208860861587326,-6.083184202426891,-5.973828547123011,-6.4376445,-5.352669000767287,NSAID / non-opioid
CC(C)Cc1ccc(C(C)C(=O)OC[C@H]2OC(O)[C@@H](O)[C@@H](O)[C@@H]2O)cc1,Ibuprofen mannoside,1,-6.548,-6.548,-6.548,1,1,True,368.426,0.3316999999999994,93.25820000000004,116.45000000000002,4,7,6,1,2,26,0.631578947368421,152.7353670209652,1.9048823423774293,586.0553617200244,7,0.9917633303008973,True,-7.31398521990687,-7.27516494120515,-7.388807011222861,-7.672901533572324,-7.977222,-8.288194100767289,NSAID / non-opioid
CC(C)Cc1ccc(C(C)C(=O)OC[C@H]2OC(O)[C@H](O)[C@@H](O)[C@@H]2O)cc1,Ibuprofen glucoside,1,-6.945,-6.945,-6.945,1,1,True,368.426,0.3316999999999994,93.25820000000004,116.45000000000002,4,7,6,1,2,26,0.631578947368421,152.7353670209652,1.9048823423774293,586.0553617200244,7,0.9917633303008973,True,-7.31398521990687,-7.27516494120515,-7.388807011222861,-7.672901533572324,-7.977222,-8.288194100767289,NSAID / non-opioid
CCC(=O)N(c1ccccc1)C1(COC)CCN(CCc2cccs2)CC1,Sufentanil,11,-5.374,-6.894,-5.018,1,2,True,386.56100000000015,4.214800000000004,112.52300000000008,32.78,0,4,8,2,3,27,0.5,166.29706948515997,1.7351879046800742,694.3675613200569,5,0.9911751400809664,True,-6.539711330962302,-7.248452936338303,-7.002776292630822,-7.462120312748009,-7.6664386,-5.641816600767286,Opioid
CCC(=O)N(c1ccccc1)C1CCN(CCc2ccccc2)CC1,Fentanyl,15,-5.705,-9.477,-5.013,2,4,True,336.47900000000004,4.136700000000004,103.82700000000008,23.550000000000004,0,2,6,2,3,25,0.4090909090909091,150.81327675644835,1.5676321318584887,648.2421416714782,3,1.0478511331612566,True,-6.3257382951257215,-7.09811615101627,-6.807688547682244,-8.127840965029755,-9.282051,-5.391767400767286,Opioid
CCCC(C)(O)C1CC23C=CC1(OC)C1Oc4c(O)ccc5c4C12CCN(C)C3C5,Etorphine,1,-6.0,-6.0,-6.0,1,1,True,411.5420000000002,3.163600000000001,113.89160000000004,62.16,2,5,4,1,7,30,0.68,178.22193612681127,1.66002680692827,956.7121687334628,5,2.183026047039996,True,-6.887320748119044,-8.616554851829113,-7.812200983153979,-6.922848771825397,-7.4036636,-6.540552700767289,Opioid
CCCCOC(=O)c1ccc(N)cc1,Butyl p-aminobenzoate,3,-4.607,-4.697,-4.41,2,2,True,193.246,2.2257,56.04490000000003,52.32,1,3,4,1,1,14,0.3636363636363636,83.87107171804337,2.4810725342253392,292.660770563408,3,0.4979939733118891,True,-6.086679377929695,-6.023857021215269,-6.09611408753296,-5.772773536706346,-5.34773,-5.874856100767287,Local anaesthetic
CCCOC(=O)c1ccc(N)cc1,n-Propyl p-aminobenzoate,1,-4.652,-4.652,-4.652,1,1,True,179.21899999999997,1.8356,51.42790000000003,52.32,1,3,3,1,1,13,0.3,77.50612960364676,2.611171250638134,279.48114931490306,3,0.4604795255816092,True,-6.1081122371675765,-5.98858033433968,-6.054160177992223,-5.76002128377525,-5.6802416,-6.066262400767288,Local anaesthetic
CCN(CC)CC(=O)Nc1c(C)cccc1C,Lidocaine,8,-6.4665,-7.301,-5.53,2,4,True,234.343,2.5837400000000006,72.33370000000005,32.34,1,2,5,1,1,17,0.5,103.82215798852502,2.680267656047493,363.55864155890856,3,0.8839312291012238,True,-6.197313335529188,-6.398300582907179,-6.31962447457989,-6.776442859871037,-6.96864,-5.871339400767287,Local anaesthetic
CCOC(=O)C1(c2ccccc2)CCN(C)CC1,Meperidine,1,-5.988,-5.988,-5.988,1,1,True,247.338,2.2131,71.48400000000005,29.54,0,3,3,1,2,18,0.5333333333333333,108.74495199529125,2.313014283346961,394.21444538868286,3,1.1945665057485635,True,-6.33920761640525,-6.560795504458001,-6.4395335099091335,-6.812642859149537,-6.7949123,-6.213763300767287,Opioid
CCOC(=O)c1ccc(N)cc1,Ethyl p-aminobenzoate,2,-4.976,-5.255,-4.697,2,2,True,165.19199999999998,1.4455,46.81090000000002,52.32,1,3,2,1,1,12,0.2222222222222222,71.14118748925014,2.753742758109602,266.36195376207496,3,0.4552866891572916,True,-6.129545096405459,-5.946411190786073,-6.003701902504083,-5.691496210069443,-5.845439,-6.257668700767287,Local anaesthetic
CCc1cccc2c3c([nH]c12)C(CC)(CC(=O)O)OCC3,Etodolac,1,-5.683,-5.683,-5.683,1,1,True,287.35900000000004,3.383000000000002,81.55450000000005,62.32000000000001,2,2,4,2,3,21,0.4705882352941176,123.6701770300334,2.2365005465300696,688.6452033715747,4,1.6154495172279648,True,-6.265486348807324,-6.9760325938815,-6.855811091869908,-7.394055922619048,-7.3776937,-5.627262400767287,NSAID / non-opioid
CN1CC[C@]23c4c5ccc(O)c4O[C@H]2C(=O)CC[C@@]3(O)[C@H]1C5,Oxymorphone,1,-7.733111659,-7.733111659,-7.733111659,1,1,True,301.342,0.7451999999999999,78.13060000000003,70.0,2,5,0,1,5,22,0.5882352941176471,128.04581026788878,1.8774137434717624,716.8556433421193,5,1.0371605017939267,True,-6.912890349749668,-7.79441970638565,-7.370293912208957,-7.920946093253959,-7.982066,-7.585396700767287,Opioid
CN1CC[C@]23c4c5ccc(O)c4O[C@H]2C(=O)CC[C@H]3[C@H]1C5,Hydromorphone,2,-8.192058744,-8.38,-8.004117488,2,2,True,285.343,1.6303,76.67080000000004,49.77,1,4,0,1,5,21,0.5882352941176471,123.25157651569276,1.833036087648692,670.2442212037415,4,0.5105848215687645,True,-6.64345225286626,-7.599253257215957,-7.136094133538181,-7.602290772479255,-7.7396173,-6.859381800767288,Opioid
CN1CC[C@]23c4c5ccc(O)c4O[C@H]2[C@@H](O)C=C[C@H]3[C@H]1C5,Morphine,3,-8.588,-9.352,-7.419930646,2,3,True,285.343,1.1981,77.57660000000003,52.93000000000001,2,4,0,1,5,21,0.5294117647058824,123.19468513566072,1.8445254467475665,670.2442212037415,4,0.7204133097911903,True,-6.738950483331963,-7.811370266366396,-7.277191544900317,-7.722887774711401,-7.958109,-7.166243800767288,Opioid
CN1CC[C@]23c4c5ccc(O)c4O[C@H]2[C@@H](O)CC[C@H]3[C@H]1C5,Dihydromorphine,1,-7.722811771,-7.722811771,-7.722811771,1,1,True,287.359,1.4221,77.67060000000004,52.93000000000001,2,4,0,1,5,21,0.6470588235294118,123.884288167845,1.8132366614847888,630.7063899465155,4,0.7819636217925432,True,-6.698763720672655,-7.858865445885621,-7.327587380439468,-7.6314667747114,-7.8653135,-7.019501400767288,Opioid
COC(=O)c1ccc(N)cc1,Methyl p-aminobenzoate,3,-5.012,-5.195,-4.735,2,2,True,151.16500000000002,1.0554,42.19390000000001,52.32,1,3,1,1,1,11,0.125,64.77624537485353,2.8953480359887567,253.29949758389105,3,0.3922442278870893,True,-6.150977955643341,-5.8926705662393495,-5.941401860521631,-6.111373243686868,-6.0055814,-6.449075000767287,Local anaesthetic
COC(=O)c1ccccc1O,Methyl salicylate,1,-5.0,-5.0,-5.0,1,1,True,152.14899999999997,1.1787999999999998,39.446300000000015,46.53,1,3,1,1,1,11,0.125,64.23058843003683,3.032662155800657,267.7946100817276,3,0.3898783995657865,True,-6.128254839669868,-5.833793118744236,-5.923221779936375,-5.797997592757936,-5.889361,-6.367463400767288,NSAID / non-opioid
COc1ccc2c(c1)c(CC(=O)O)c(C)n2C(=O)c1ccc(Cl)cc1,Indomethacin,1,-6.997,-6.997,-6.997,1,1,True,357.793,3.9273200000000026,95.74730000000002,68.53,1,3,4,3,3,25,0.1578947368421052,148.94809374556098,2.232371733378278,973.2479304430422,6,1.365324808658896,True,-6.4704098587483125,-6.490200232833164,-6.77254511557197,-6.503996658234131,-6.018104,-5.670442600767286,NSAID / non-opioid
COc1ccc2c3c1OC1C(O)C=CC4C(C2)N(C)CCC341,Codeine,2,-7.314085482999999,-7.866,-6.762170966,2,2,True,299.3700000000001,1.5011,82.46380000000003,41.93,1,4,1,1,5,22,0.5555555555555556,129.87893872736822,1.8223654238415257,685.154996148535,4,0.4657239052293105,True,-6.736763102746471,-7.825491311083361,-7.242025694987336,-7.682120957589287,-7.92252,-7.036678500767288,Opioid
COc1ccc2c3c1O[C@H]1C(=O)CC[C@@]4(O)[C@@H](C2)N(C)CC[C@]314,Oxycodone,1,-6.59002208,-6.59002208,-6.59002208,1,1,True,315.3690000000001,1.0481999999999998,83.01780000000004,59.00000000000001,1,5,1,1,5,23,0.6111111111111112,134.73006385959624,1.8570488669453709,731.9769249093094,5,0.7043935543869795,True,-6.910702969164176,-7.806417212743272,-7.33305494142339,-7.799764877637975,-7.8830085,-7.455831400767288,Opioid
COc1ccc2c3c1O[C@H]1C(=O)CC[C@H]4[C@@H](C2)N(C)CC[C@]314,Hydrocodone,1,-6.456,-6.456,-6.456,1,1,True,299.37000000000006,1.9333,81.55800000000004,38.77,0,4,1,1,5,22,0.6111111111111112,129.93583010740025,1.8132163706052853,685.154996148535,4,0.6808711217603443,True,-6.641264872280768,-7.6117457786971965,-7.098965131691884,-7.642867733630944,-7.7272644,-6.7298165007672885,Opioid
COc1ccc2c3c1O[C@H]1[C@@H](O)CC[C@H]4[C@@H](C2)N(C)CC[C@@]341,Dihydrocodeine,1,-6.190685426,-6.190685426,-6.190685426,1,1,True,301.3860000000001,1.7251,82.55780000000004,41.93,1,4,1,1,5,22,0.6666666666666666,130.5685417595525,1.7951472054856976,645.4645937682619,4,0.4914460195945252,True,-6.696576340087163,-7.869969029871508,-7.288565973869675,-7.505196793154758,-7.586845,-6.889936100767288,Opioid
COc1ccc2cc(C(C)C(=O)O)ccc2c1,Naproxen,2,-6.657,-7.218,-6.096,1,2,True,230.263,3.036500000000001,66.55080000000004,46.53,1,2,3,2,2,17,0.2142857142857142,99.64213719056528,2.478964438638834,560.3959195741091,3,0.8176755850761481,True,-6.078434734411463,-6.289497041250991,-6.317689748811908,-6.956937232142853,-6.825651,-5.524991800767287,NSAID / non-opioid
COc1ccc2cc([C@H](C)C(=O)OC[C@H]3OC(O)[C@@H](O)[C@@H](O)[C@@H]3O)ccc2c1,Naproxen mannoside,1,-7.7,-7.7,-7.7,1,1,True,392.404,0.2949999999999995,98.77420000000004,125.68000000000002,4,8,5,2,3,28,0.45,161.43575043901745,1.6484856745547558,838.0655353442305,8,0.3731965342351175,True,-7.432801439895464,-7.551136824901329,-7.655151361953429,-7.587681925843249,-7.756892,-8.460516900767288,NSAID / non-opioid
COc1ccc2cc([C@H](C)C(=O)OC[C@H]3OC(O)[C@H](O)[C@@H](O)[C@@H]3O)ccc2c1,Naproxen glucoside,1,-7.886,-7.886,-7.886,1,1,True,392.404,0.2949999999999995,98.77420000000004,125.68000000000002,4,8,5,2,3,28,0.45,161.43575043901745,1.6484856745547558,838.0655353442305,8,0.3731965342351175,True,-7.432801439895464,-7.551136824901329,-7.655151361953429,-7.587681925843249,-7.756892,-8.460516900767288,NSAID / non-opioid
CS(=O)(=O)Nc1ccc([N+](=O)[O-])cc1Oc1ccccc1,Nimesulide,1,-6.551,-6.551,-6.551,1,1,True,308.315,2.7586000000000013,78.07890000000003,98.54,1,5,5,2,2,21,0.0769230769230769,120.93059846798744,2.429176692624256,759.3860166888998,8,1.739854931733976,True,-6.500207181931946,-6.314187339292108,-6.371952946374122,-6.939806451388897,-6.3339095,-6.198418000767287,NSAID / non-opioid
Cc1c(N(C)C)c(=O)n(-c2ccccc2)n1C,Aminopyrine,1,-6.481,-6.481,-6.481,1,1,True,231.29900000000004,1.55042,70.07400000000003,30.17,0,2,2,2,2,17,0.3076923076923077,100.68682649695076,2.73026047273788,578.7023102137921,4,1.1645432506838032,True,-6.411579866600254,-6.834119650262188,-6.581266512549744,-7.037117222966262,-7.450114,-6.586428200767288,NSAID / non-opioid
O=C(O)Cc1ccccc1Nc1c(Cl)cccc1Cl,Diclofenac,1,-6.556,-6.556,-6.556,1,1,True,296.153,4.364100000000001,77.52650000000003,49.33,2,2,4,2,2,19,0.0714285714285714,120.33053204396538,2.355887944232104,593.8950014443018,5,1.1412204447049474,True,-6.089306165235309,-5.98109791706326,-6.279610624861849,-6.601202480902786,-6.633289,-4.984324800767287,NSAID / non-opioid
O=C(O)c1ccccc1Nc1cccc(C(F)(F)F)c1,Flufenamic acid,4,-6.1525,-6.201,-6.094,1,1,True,281.23299999999995,4.1472000000000016,68.12800000000001,49.33,2,2,3,2,2,20,0.0714285714285714,112.22060579898074,2.337930511639871,638.3112969345251,6,1.315463638598046,True,-6.068346021506372,-6.306161271816468,-6.248038115470603,-6.643126259672624,-6.551499,-5.047311800767286,NSAID / non-opioid
O=C(O)c1ccccc1O,Salicylic acid,6,-5.988,-7.556,-5.136,1,6,True,138.122,1.0903999999999998,35.066100000000006,57.53,2,2,1,1,1,10,0.0,57.54633483832936,3.1529414466808685,254.78306142431708,3,0.5866843749707977,True,-6.083024542657166,-5.915590195185707,-5.932430285135015,-6.564768168538051,-6.6677794,-6.344662700767287,NSAID / non-opioid
O=C(c1ccccc1)c1ccc2n1CCC2C(=O)O,Ketorolac,1,-5.799,-5.799,-5.799,1,1,True,255.273,2.291,69.30030000000002,59.3,1,2,3,2,3,19,0.2,109.843786603908,1.988116862049773,642.6652275716834,4,1.175347231740351,True,-6.358631055374889,-6.8511748902523975,-6.698387411147678,-7.195139096974205,-6.6992736,-6.206857800767288,NSAID / non-opioid
