descriptor,imp_mean,imp_sd
logP,0.3112735531236162,0.08128368516652883
LabuteASA,0.09819549368308968,0.053161576480100385
MR,0.027980242597255574,0.00912821762237076
HBD,0.022107364759136043,0.011895365288732945
MW,0.015340718230535434,0.03489512414127947
FracCSP3,0.014649424953504688,0.011938669316524753
RotB,0.012558554455269629,0.011202991996424954
HBA,0.009365436476150053,0.008504222116272062
HeavyAtoms,0.0019641981275868915,0.012649009254271662
HeteroAtoms,-0.0002438141714321551,0.01418489363670175
AromRings,-0.0008243912917799068,0.0022590424163403105
BalabanJ,-0.0022022966190915903,0.012803996859343806
BertzCT,-0.0024485034497313874,0.021753793226886625
TPSA,-0.002581110006256828,0.023509597982865307
Rings,-0.0037709204193754255,0.0063424582816427755
