name,logkp,logP,logKow_exp,MW
Benzyl bromide,-5.335000000000001,2.5815,2.92,171.037
Isoeugenol,-5.117,2.4339000000000004,2.354,164.20399999999998
Ethacrynic acid,-7.38,3.6057000000000015,2.84,303.141
2-Ethylhexyl acrylate,-5.2265,2.9320000000000013,3.67,184.27899999999997
Eugenol,-5.147,2.1293,2.2,164.20399999999995
Benzylideneacetone,-4.7845,2.2888,2.149,146.189
2-(Acetylamino)fluorene,-4.695,3.216200000000001,3.12,223.275
Acetic acid,-6.079,0.0908999999999999,-0.17,60.05200000000001
Hydroxypregnenolone,-6.778,3.835300000000004,3.75,332.4840000000001
Pregnenolone,-6.38,4.515300000000004,4.52,316.48500000000007
Progesterone,-5.442,4.723500000000005,4.04,314.46900000000005
Acetophenone,-5.124499999999999,1.8892,1.58,120.15099999999995
o-t-Butylphenol,-4.685,2.689700000000001,3.17,150.22099999999998
Geraniol,-4.766500000000001,2.6714000000000016,3.56,154.253
Atenolol,-6.3105,0.4521,-1.77,266.34099999999995
"2,3-Butanediol",-7.857,-0.252,-0.99,90.122
Linolenic acid,-5.988,5.660500000000005,6.52,278.4359999999999
Triamcinolone acetonide,-8.251,2.4188000000000005,2.6,434.50400000000025
Betamethasone-17-valerate,-6.0105,3.6368000000000023,3.98,476.58500000000026
Bis(2-ethylhexyl)phthalate,-8.8,6.433000000000007,5.03,390.5640000000003
Oleic acid,-6.442,6.108500000000007,7.73,282.4679999999999
Octylparaben,-5.588,3.909500000000003,5.29,250.338
Butoxyethanol,-6.0,1.1414,0.83,118.17599999999996
Diethylene glycol monobutyl ether,-6.399,0.812,0.6,162.22899999999998
Propylparaben,-5.0845,1.959,2.9,180.203
4-Propoxyphenol,-5.38,2.181,2.37,152.19299999999998
Lidocaine,-6.4665,2.5837400000000006,2.4800069429571505,234.343
Ethanol,-6.352,-0.0014,-0.31,46.069
Diethyl maleate,-5.105,0.6688,1.072,172.17999999999995
Diethyl Phthalate,-6.8705,2.04,2.47,222.23999999999995
Diazinon,-5.617,3.5847200000000026,3.77,304.35200000000003
7-Ethoxycoumarin,-4.27,2.1917,1.474,190.19799999999995
p-Ethylphenol,-5.014,1.9546,2.47,122.16699999999996
Methotrexate,-6.84,0.2684000000000012,-1.85,454.4470000000002
Methanol,-5.539,-0.3915,-0.72,32.042
Methyl 4-hydroxyphenylacetate,-5.255,1.1077,1.63,166.17600000000002
Dimethyl Phthalate,-5.204,1.2597999999999998,1.69,194.18599999999995
Methyl salicylate,-5.0,1.1787999999999998,2.23,152.14899999999997
Metoprolol,-6.637,1.6132,0.03,267.369
Methyl methanesulfonate,-5.605499999999999,-0.4075999999999999,0.67,110.134
Basic Red 76 (chloride salt),-6.469,5.166100000000005,-1.78,336.4150000000001
Dexamethasone,-7.75,1.8957,2.06,392.4670000000002
Prednisolone,-7.906,1.5576,1.69,360.4500000000002
Triamcinolone,-8.956,0.6204999999999998,1.03,394.4390000000002
Cortisone,-7.968,1.9898,1.24,360.45000000000016
Hydrocortisone,-7.529,1.7815999999999996,1.43,362.4660000000002
Aldosterone,-7.968,1.8457,0.73,360.45000000000016
Estrone,-6.0,3.817400000000002,3.69,270.372
Estradiol,-5.967,3.609200000000002,4.01,272.3879999999999
Estriol,-7.954,2.5800000000000005,2.94,288.38699999999994
Cortexone,-6.903,3.695900000000003,3.41,330.4680000000001
Testosterone,-5.73,3.879200000000003,3.48,288.431
Corticosterone,-7.556,2.666700000000002,1.76,346.46700000000016
Chlorocresol,-4.908,2.35402,2.89,142.58499999999998
p-Tolunitrile,-5.1225000000000005,1.8667,1.87,117.151
Chloroxylenol,-4.718,2.662440000000001,3.35,156.61200000000002
p-Cresol,-4.895,1.7006199999999998,1.9449999999999998,108.14
"3,4-Xylenol",-5.0,2.00904,2.23,122.167
6-Methylcoumarin,-4.869,2.10142,1.414,160.172
m-Cresol,-5.373,1.7006199999999998,1.96,108.14
Toluene,-3.637,1.99502,2.68,92.141
o-Cresol,-5.36,1.70062,1.95,108.14
Caffeine,-6.915,-1.0293,-0.08,194.194
"3-Methyl-3H-imidazo[4,5-f]quinolin-2-amine",-6.0015,1.7037,1.743,198.229
Urea,-7.3515,-0.9762000000000002,-2.11,60.056
p-Phenylenediamine,-6.373,0.8510000000000002,-0.25,108.144
4-Amino-2-Nitrophenol,-6.8655,0.8825999999999998,0.96,154.125
4-Amino-3-nitrophenol,-5.758,0.8825999999999998,1.318,154.125
o-Phenylenediamine,-6.903,0.851,0.15,108.144
Benzoic acid,-5.4155,1.3848,1.9,122.12299999999996
Salicylic acid,-5.988,1.0903999999999998,2.06,138.122
Benzophenone,-3.4345,2.917600000000001,3.18,182.222
trans-Cinnamaldehyde,-5.0165,1.8987,2.123,132.16199999999998
4-Bromophenyl isocyanate,-5.4545,2.4164000000000003,3.48,198.019
Cyclophosphamide monohydrate,-6.234500000000001,1.884,0.76,261.089
"2,4-Dinitrochlorobenzene",-5.079000000000001,2.1564000000000005,2.05,202.553
5-Fluorouracil,-7.574,-0.7977000000000001,-0.78,130.078
Cinnamyl alcohol,-5.029,1.6921,1.791,134.178
2-Phenylethanol,-5.276,1.2214,1.35,122.16699999999996
Mannitol,-7.8665,-3.5854000000000004,-3.26,182.172
Sucrose,-8.711500000000001,-5.395599999999993,-3.85,342.297
Raffinose,-8.208,-7.571399999999989,-3.985,504.4380000000001
4-Hydroxybenzyl alcohol,-6.255,0.8845000000000001,0.32,124.13899999999995
"2,4,6-Trichlorophenol",-4.783,3.3523999999999994,3.58,197.448
Phloroglucinol,-6.066,0.8033999999999999,0.16,126.11099999999996
p-Bromophenol,-4.999,2.1547,2.49,173.009
p-Chlorophenol,-4.996,2.0456,2.43,128.558
"2,4-Dichlorophenol",-4.9215,2.699,3.1,163.003
"1,2,4-Benzenetriol",-7.456,0.8033999999999999,0.8,126.11099999999998
Hydroquinone,-7.546,1.0978,0.62,110.11199999999998
Resorcinol,-6.269500000000001,1.0978,0.8,110.11199999999998
Pyrogallol,-6.366,0.8033999999999997,0.97,126.11099999999998
Naphthol,-5.141,2.5454000000000008,2.840106094456758,144.17299999999997
Phenol,-5.6,1.3922,1.48,94.113
o-Chlorophenol,-5.037,2.0456000000000003,2.15,128.558
Catechol,-6.066,1.0978,0.88,110.11199999999998
Naphthalene,-5.4735,2.839800000000001,3.3,128.17399999999995
Benzene,-4.352,1.6866,2.22,78.11399999999999
