name,obs,rf,pg,analgesic,ad_dist,in_ad,res_rf,res_pg
Dibromoacetonitrile,-4.326,-4.841845673363088,-6.334882200767288,False,0.8371262347171111,True,0.5158456733630885,2.008882200767288
Pranoprofen,-6.973,-6.608839981569536,-5.727465800767288,True,1.3271028226169292,True,-0.3641600184304643,-1.2455341992327122
Trichloroacetic acid,-6.278,-5.647903436755944,-6.249711200767287,False,1.0926791226079149,True,-0.6300965632440558,-0.02828879923271277
Betamethasone-17-valerate,-6.0105,-6.631037137681094,-6.601343000767288,False,1.2436906981770224,True,0.6205371376810938,0.590843000767288
Citrinin,-6.887,-7.448520717924106,-6.580917500767287,False,1.915895950095808,True,0.5615207179241066,-0.3060824992327129
Pellitorine,-7.516,-5.777495391963054,-5.188375500767286,False,2.204820936687649,True,-1.738504608036946,-2.327624499232714
"C8(D,L)-Laa-AAPV",-6.038,-6.959750995741424,-8.409649300767285,False,1.3128445379880642,True,0.9217509957414238,2.3716493007672845
Acetophenone,-5.124499999999999,-5.032950999751981,-5.6678916007672875,False,0.7034482901228044,True,-0.09154900024801815,0.5433916007672881
Bis(2-ethylhexyl)phthalate,-8.8,-7.092624604152555,-4.091312900767285,False,3.1275660364679725,False,-1.7073753958474454,-4.708687099232716
Acyclovir,-7.4285,-7.039567270260387,-8.595649300767288,False,2.0849942749681127,True,-0.38893272973961235,1.1671493007672886
Carbendazim,-6.025,-6.096918074752519,-6.206309500767288,False,1.476262210732429,True,0.07191807475251899,0.1813095007672878
2-Ethylhexyl acrylate,-5.2265,-4.997516725446434,-5.318684400767287,False,1.8506852750595855,True,-0.22898327455356604,0.0921844007672874
Etodolac,-5.683,-7.084583964662914,-5.627262400767287,True,1.6154495172279648,True,1.4015839646629145,-0.05573759923271293
Flufenamic acid,-6.1525,-6.6538185364180995,-5.047311800767286,True,1.315463638598046,True,0.5013185364180996,-1.105188199232714
4-Amino-3-nitrophenol,-5.758,-6.575189216765877,-6.589819000767288,False,0.7372679900370243,True,0.8171892167658772,0.8318190007672879
Cortexone,-6.903,-6.8528154683090206,-5.6680683007672865,False,0.8500312213277793,True,-0.05018453169097903,-1.234931699232713
p-Phenylenediamine,-6.373,-6.731041037698419,-6.331770900767287,False,0.43253510091689645,True,0.35804103769841866,-0.04122909923271312
β-Hexabromocyclododecane,-7.389,-7.243104702339849,-5.276336500767284,False,2.5225938278258213,True,-0.14589529766015108,-2.112663499232716
Betamethasone,-7.153,-7.7205171730652475,-7.3244042007672885,False,1.1513203261153926,True,0.567517173065248,0.1714042007672889
Cortisone,-7.968,-7.730259456826484,-7.062289500767289,False,0.8862408843130016,True,-0.23774054317351556,-0.9057104992327112
1-Butanol,-6.079,-5.982538527507216,-6.175504800767287,False,0.7776422518785191,True,-0.09646147249278414,0.09650480076728751
Oxymorphone,-7.733111659,-7.617855857257945,-7.585396700767287,True,1.0371605017939267,True,-0.1152558017420553,-0.1477149582327133
Hydroquinone,-7.546,-6.079598702110394,-6.168547700767288,False,0.3942360947483845,True,-1.4664012978896066,-1.3774522992327123
1-Heptanol,-5.051,-5.010755737103169,-5.601285900767287,False,0.6859083809410899,True,-0.04024426289683092,0.5502859007672871
p-Aminophenol,-5.087,-6.5164692058531815,-6.2501593007672875,False,0.3832189471358383,True,1.4294692058531817,1.1631593007672878
2-(Acetylamino)fluorene,-4.695,-5.79922355214028,-5.354778000767286,False,1.2992726716063627,True,1.1042235521402795,0.659778000767286
Fumonisin B1,-9.0485,-6.818691339351211,-8.858932300767286,False,8.910256564160274,False,-2.2298086606487892,-0.18956769923271466
Fluocinonide,-6.326,-6.985451195677664,-7.207245600767288,False,1.7413618029331228,True,0.6594511956776641,0.8812456007672882
trans-Cinnamaldehyde,-5.0165,-5.025367248263886,-5.734413700767288,False,0.8006521442792227,True,0.008867248263886296,0.717913700767288
2-(2-Methoxyethoxy)ethanol,-7.242,-6.859583447803931,-7.2635983007672875,False,0.8191879118724827,True,-0.3824165521960694,0.021598300767287526
Ethyl p-aminobenzoate,-4.976,-5.49262517063492,-6.257668700767287,True,0.45528668915729165,True,0.5166251706349199,1.2816687007672867
"1,1,1-Trichloropropanone",-5.176,-4.7342607185019805,-5.879558000767288,False,1.2032996002251177,True,-0.44173928149801966,0.7035580007672877
Bromoform,-4.234,-5.122098552558308,-6.075124600767287,False,1.240663258627992,True,0.8880985525583078,1.8411246007672872
Hydrocortisone 21-propionate,-6.0315,-7.046368269816319,-6.88216050076729,False,1.4007347771127434,True,1.0148682698163185,0.8506605007672894
2-Amino-4-Nitrophenol,-7.408,-6.579500326140878,-6.589819000767288,False,0.7547837320889524,True,-0.8284996738591222,-0.8181809992327125
4-Nitro-o-phenylenediamine,-5.7010000000000005,-6.364060908482138,-6.6714306007672874,False,0.8090919982567384,True,0.6630609084821373,0.9704306007672869
1-Decanol,-5.515,-4.850154529017845,-5.027067000767286,False,1.2946544994613818,True,-0.6648454709821543,-0.48793299923271327
1-Propanol,-6.368,-6.374663160218249,-6.366911100767288,False,0.9031883095782136,True,0.006663160218248976,-0.0010888992327124924
Dexamethasone,-7.75,-7.7205171730652475,-7.3244042007672885,False,1.1513203261153926,True,-0.02948282693475246,-0.4255957992327115
Carvacrol,-4.826,-4.8739552745535635,-5.187596400767287,False,0.7689287405732069,True,0.047955274553563854,0.3615964007672874
Estriol,-7.954,-6.8092323827148435,-6.203663200767287,False,1.5690609876549915,True,-1.1447676172851562,-1.7503367992327128
2-Ethoxyethyl acetate,-6.522,-6.664539724792568,-6.666412400767287,False,0.8532353364669735,True,0.1425397247925675,0.1444124007672869
Hydrocortisone 21-octanoate,-4.764,-6.366445790178569,-5.925129000767287,False,1.4434982933960556,True,1.6024457901785691,1.1611290007672865
Ketoprofen,-6.768,-6.372742260622187,-5.622394000767287,True,1.004890508466983,True,-0.39525773937781317,-1.1456059992327132
"1,2,4-Benzenetriol",-7.456,-6.5198754159822805,-6.475165600767287,False,0.625093085142919,True,-0.9361245840177199,-0.9808343992327133
Diethyl maleate,-5.105,-6.613649268871139,-6.851752500767287,False,1.8715425094658955,True,1.5086492688711388,1.7467525007672862
Triglycol nicotinate,-8.561,-6.923440255233113,-7.6460805007672885,False,1.5775693586880941,True,-1.6375597447668868,-0.9149194992327114
Thymol,-4.834,-4.87337381622023,-5.187596400767287,False,0.761086347409816,True,0.039373816220230395,0.3535964007672874
1-Dodecyl glycidyl ether,-9.036,-5.886109265128973,-4.685843800767285,False,2.435788042634774,True,-3.1498907348710263,-4.350156199232715
Propylparaben,-5.0845,-4.996423221974206,-5.984650800767287,False,0.4900713787798029,True,-0.08807677802579406,0.9001508007672872
C8(D)-Laa-AAPV,-5.278,-6.959750995741424,-8.409649300767285,False,1.3128445379880642,True,1.6817509957414245,3.131649300767285
Oxprenolol,-6.369,-7.084306123137159,-6.4826948007672875,False,1.3571597406384441,True,0.7153061231371591,0.11369480076728777
Butobarbital,-7.268,-6.483787935608342,-6.904331400767287,False,1.3266139530097694,True,-0.7842120643916575,-0.3636685992327129
Dihydromorphine,-7.722811771,-7.692132814033998,-7.019501400767288,True,0.7819636217925432,True,-0.030678956966001536,-0.7033103702327121
Methyl nicotinate,-6.006,-6.65410809437334,-6.496422300767287,False,0.780704999307382,True,0.6481080943733399,0.4904223007672872
Lysine,-7.094,-7.24537668019481,-7.503678500767287,False,1.4771073029101172,True,0.15137668019480977,0.40967850076728674
Diazinon,-5.617,-7.16660556325186,-5.587698500767287,False,1.6385534746202595,True,1.54960556325186,-0.02930149923271319
Hydrocortisone,-7.529,-7.700350078032873,-7.222409100767289,False,0.9600787511551637,True,0.17135007803287294,-0.3065908992327113
Flurbiprofen glucoside,-6.477,-7.323479324499547,-8.088476100767288,True,0.5576094028544707,True,0.8464793244995468,1.6114761007672875
2-Phenylethanol,-5.276,-5.658234975964997,-6.154327200767288,False,0.6798830377000508,True,0.3822349759649972,0.8783272007672878
Methyl 4-hydroxybenzoate,-5.596,-5.397235587053573,-6.367463400767287,False,0.40338814366200026,True,-0.198764412946427,0.7714634007672867
Glyphosate,-6.894,-7.211224622948237,-8.162629800767288,False,1.9656185795191465,True,0.3172246229482365,1.2686298007672878
Butyl nicotinate,-5.335,-5.073201033978181,-5.9222034007672875,False,0.9110301150336358,True,-0.26179896602181874,0.5872034007672875
4-Chloro-m-Phenylenediamine,-6.234,-5.747778439980156,-6.077971400767288,False,0.6307919877957708,True,-0.4862215600198443,-0.1560285992327124
Aflatoxin B1,-7.2315,-7.2539326766944665,-6.564877200767288,False,2.2904686879788096,True,0.022432676694466913,-0.6666227992327114
2-Ethylhexanol,-7.899,-4.941633230406744,-5.512190600767287,False,0.9787395829129558,True,-2.957366769593256,-2.386809399232713
