descriptor,x,yhat
logP,-1.0250679999999999,-7.005382301978575
logP,-0.9293073220338981,-7.008046181952725
logP,-0.8335466440677964,-7.016816156204765
logP,-0.7377859661016947,-7.018534799856834
logP,-0.642025288135593,-6.995126639911828
logP,-0.5462646101694912,-6.986228229737901
logP,-0.45050393220338947,-6.9405260683027965
logP,-0.3547432542372878,-6.94241568242066
logP,-0.25898257627118604,-6.944046724726826
logP,-0.16322189830508427,-6.945639229877894
logP,-0.06746122033898261,-6.9258158124462
logP,0.028299457627119162,-6.957984453271951
logP,0.12406013559322093,-6.965578968795021
logP,0.2198208135593227,-6.961084094969847
logP,0.31558149152542425,-6.9636283657397895
logP,0.411342169491526,-6.967423975389684
logP,0.5071028474576278,-6.90587852601429
logP,0.6028635254237296,-6.892480510268008
logP,0.6986242033898313,-6.854306250061966
logP,0.7943848813559329,-6.7958079209395965
logP,0.8901455593220347,-6.787298242258642
logP,0.9859062372881364,-6.74466790930536
logP,1.0816669152542382,-6.495216091147164
logP,1.17742759322034,-6.4824244858904585
logP,1.2731882711864417,-6.385519886964778
logP,1.3689489491525435,-6.360939193678576
logP,1.4647096271186453,-6.343572930668312
logP,1.5604703050847466,-6.329185413695552
logP,1.6562309830508484,-6.275970505518206
logP,1.7519916610169501,-6.2225047822259
logP,1.847752338983052,-6.1126583595144375
logP,1.9435130169491537,-6.023813548517674
logP,2.0392736949152557,-5.9963527496073645
logP,2.135034372881357,-5.972626871892202
logP,2.230795050847459,-5.979148982585922
logP,2.3265557288135605,-5.964325477694171
logP,2.4223164067796628,-5.960779967787406
logP,2.518077084745764,-5.950217642598989
logP,2.6138377627118654,-5.936390342728917
logP,2.7095984406779676,-5.926430009895488
logP,2.805359118644069,-5.938270465187482
logP,2.901119796610171,-5.929327964089339
logP,2.9968804745762725,-5.928462983284371
logP,3.092641152542374,-5.930734686974577
logP,3.188401830508476,-5.930555446734944
logP,3.2841625084745774,-5.939469135822412
logP,3.3799231864406796,-5.932460196944224
logP,3.475683864406781,-5.934832931326458
logP,3.571444542372883,-5.957045257728701
logP,3.6672052203389844,-5.922525778101597
logP,3.7629658983050867,-5.905349658610434
logP,3.858726576271188,-5.904575582251914
logP,3.95448725423729,-5.894605092600489
logP,4.0502479322033915,-5.910389137137984
logP,4.146008610169493,-5.920289022339429
logP,4.241769288135595,-5.9179342104950186
logP,4.337529966101696,-5.919435832571756
logP,4.433290644067799,-5.919876141412712
logP,4.5290513220339,-5.9203012378721995
logP,4.624812000000002,-5.920649482612987
MW,89.05712,-6.210078717257558
MW,96.09122101694915,-6.221733400305668
MW,103.12532203389831,-6.222129175538248
MW,110.15942305084747,-6.2187186299692625
MW,117.19352406779663,-6.215080480384437
MW,124.22762508474578,-6.211031381981663
MW,131.26172610169493,-6.212299200264424
MW,138.2958271186441,-6.210691313973606
MW,145.32992813559326,-6.207011462681056
MW,152.3640291525424,-6.2039877920696105
MW,159.39813016949157,-6.207593705072262
MW,166.43223118644073,-6.2099794780715065
MW,173.46633220338987,-6.212594238541461
MW,180.50043322033906,-6.211149091586119
MW,187.5345342372882,-6.2125183571543126
MW,194.56863525423736,-6.197610276870688
MW,201.60273627118653,-6.1960357935315304
MW,208.63683728813567,-6.192327179646518
MW,215.67093830508483,-6.204719435466254
MW,222.705039322034,-6.218117703003676
MW,229.73914033898313,-6.46603048234327
MW,236.7732413559323,-6.448420302515696
MW,243.80734237288146,-6.462270630471046
MW,250.84144338983063,-6.486594087305126
MW,257.8755444067798,-6.489538233136924
MW,264.90964542372893,-6.5149447831009
MW,271.94374644067807,-6.535448336700076
MW,278.97784745762726,-6.612431470585025
MW,286.0119484745764,-6.6179685865337134
MW,293.04604949152554,-6.621626878351565
MW,300.08015050847473,-6.61421357452764
MW,307.11425152542387,-6.613927431676287
MW,314.148352542373,-6.6136214495019745
MW,321.1824535593222,-6.616680336985686
MW,328.21655457627134,-6.6172569108928565
MW,335.2506555932205,-6.6219409745087345
MW,342.28475661016967,-6.632747774036869
MW,349.3188576271188,-6.636715542281032
MW,356.352958644068,-6.637204997331088
MW,363.38705966101713,-6.636604118462102
MW,370.42116067796627,-6.635140657707384
MW,377.45526169491546,-6.63517686136588
MW,384.4893627118646,-6.633556988580605
MW,391.52346372881374,-6.634971912199263
MW,398.55756474576293,-6.634263452288865
MW,405.59166576271207,-6.633547912137495
MW,412.62576677966126,-6.631889566322579
MW,419.6598677966104,-6.633874438595032
MW,426.69396881355954,-6.635873150792674
MW,433.72806983050873,-6.636613546175991
MW,440.76217084745787,-6.635819573437138
MW,447.796271864407,-6.6355215755965995
MW,454.8303728813562,-6.635500065390041
MW,461.86447389830533,-6.636571957083897
MW,468.89857491525447,-6.633186392167979
MW,475.93267593220367,-6.633319630638756
MW,482.9667769491528,-6.632795950178878
MW,490.00087796610194,-6.632736643126674
MW,497.03497898305113,-6.630499598022953
MW,504.06908000000027,-6.6302875135740695
