logP,MW,logkp,analgesic
2.4547,252.731,-4.234,False
2.5815,171.037,-5.335000000000001,False
6.921600000000004,641.6999999999999,-7.389,False
6.921600000000004,641.6999999999999,-7.42,False
6.921600000000004,641.6999999999999,-7.222,False
1.3776,230.30399999999997,-7.423,False
2.4339000000000004,164.20399999999998,-5.117,False
3.6057000000000015,303.141,-7.38,False
2.9320000000000013,184.27899999999997,-5.2265,False
1.9891,265.35299999999995,-6.369,False
2.1293,164.20399999999995,-5.147,False
2.2888,146.189,-4.7845,False
1.9456,161.41500000000002,-5.176,False
1.3791,126.97,-4.923,False
3.216200000000001,223.275,-4.695,False
-2.1867999999999994,285.25600000000003,-6.889,False
0.0908999999999999,60.05200000000001,-6.079,False
2.937600000000001,494.5310000000002,-6.326,False
1.6926999999999996,466.5270000000002,-7.772,False
1.3101,180.159,-5.696,True
3.8384000000000023,330.4680000000001,-6.778,False
3.835300000000004,332.4840000000001,-6.778,False
4.515300000000004,316.48500000000007,-6.38,False
4.723500000000005,314.46900000000005,-5.442,False
1.8892,120.15099999999995,-5.124499999999999,False
3.6808000000000014,244.265,-5.331,True
2.9662000000000006,255.273,-6.973,True
3.105700000000001,254.285,-6.768,True
0.9393000000000002,406.4060000000001,-6.935,True
0.3642000000000001,416.42600000000016,-7.594,True
0.9393000000000002,406.4060000000001,-6.477,True
0.3642000000000001,416.42600000000016,-7.731,True
2.689700000000001,150.22099999999998,-4.685,False
6.4737000000000045,543.875,-6.145,False
3.423700000000002,228.291,-7.7385,False
3.567700000000002,340.4190000000001,-9.875,False
2.6714000000000016,154.253,-4.766500000000001,False
1.5072,116.15999999999998,-6.247,False
3.073200000000001,206.285,-5.7620000000000005,True
0.3316999999999994,368.426,-6.548,True
0.3316999999999994,368.426,-6.945,True
0.4521,266.34099999999995,-6.3105,False
2.3659,325.449,-7.125,False
2.577500000000001,259.34900000000005,-6.306,False
0.4037,104.149,-7.019,False
-0.9452999999999948,356.42300000000006,-7.38,False
1.5763,135.20999999999998,-6.493,False
-0.252,90.122,-7.857,False
0.6192,181.191,-8.025,False
5.660500000000005,278.4359999999999,-5.988,False
2.4188000000000005,434.50400000000025,-8.251,False
2.8108000000000017,346.4670000000001,-7.681,False
1.721,250.24999999999997,-6.887,False
1.6669,164.20399999999998,-6.459,False
4.214800000000004,386.56100000000015,-5.374,True
4.136700000000004,336.47900000000004,-5.705,True
2.7425000000000006,418.53000000000026,-6.0315,False
0.9854,72.10699999999999,-5.903,False
0.1587999999999999,184.195,-7.509,False
1.1849999999999998,226.276,-6.201,False
0.7004,232.23899999999995,-6.9,False
3.163600000000001,411.5420000000002,-6.0,True
3.6368000000000023,476.58500000000026,-6.0105,False
2.1951000000000005,130.231,-7.899,False
6.433000000000007,390.5640000000003,-8.8,False
3.4513000000000016,223.36,-7.516,False
0.9389999999999998,212.249,-7.268,False
-0.6263999999999996,341.3640000000001,-5.737,False
3.9128000000000034,460.6110000000003,-5.301,False
4.693000000000006,488.6650000000004,-4.764,False
1.6323000000000052,539.7180000000002,-6.038,False
6.108500000000007,282.4679999999999,-6.442,False
2.412500000000006,567.7720000000003,-6.094,False
4.322700000000004,242.40299999999996,-9.036,False
3.119400000000002,158.285,-5.515,False
2.7293000000000016,144.258,-4.778,False
2.9693000000000014,197.322,-4.8185,False
3.749500000000003,225.37599999999995,-4.755000000000001,False
2.3392000000000013,130.23100000000002,-4.84,False
3.909500000000003,250.338,-5.588,False
1.6323000000000052,539.7180000000002,-5.278,False
1.6323000000000052,539.7180000000002,-6.903,False
1.9491,116.204,-5.051,False
2.1891,169.268,-5.208,False
1.559,102.177,-5.284,False
2.818700000000001,207.273,-5.303,False
0.8521000000000056,511.6640000000004,-6.675,False
0.8521000000000056,511.6640000000004,-7.352,False
1.1689,88.14999999999999,-5.778,False
0.7787999999999999,74.12299999999999,-6.079,False
2.2257,193.246,-4.607,True
2.349100000000001,194.23,-4.9945,False
3.600400000000003,278.348,-9.195,False
2.0385,179.219,-5.335,False
1.1414,118.17599999999996,-6.0,False
1.1839,132.203,-8.16,False
0.7953999999999999,118.176,-6.283,False
0.812,162.22899999999998,-6.399,False
1.3828,204.266,-7.4145,False
2.564200000000004,721.8380000000002,-9.0485,False
2.734800000000001,150.22099999999998,-4.671,False
0.3887,60.096,-6.368,False
1.8356,179.21899999999997,-4.652,True
1.959,180.203,-5.0845,False
0.4053,104.149,-6.748,False
2.181,152.19299999999998,-5.38,False
0.5679,73.139,-6.079,False
0.6956,199.29799999999997,-7.459,False
2.8907000000000007,379.5010000000002,-6.785,False
2.4770200000000004,191.274,-7.433,False
2.5837400000000006,234.343,-6.4665,True
1.3885999999999998,201.661,-5.875,False
-0.0014,46.069,-6.352,False
0.6688,172.17999999999995,-5.105,False
2.2131,247.33799999999997,-5.988,True
2.1218000000000004,330.3640000000001,-4.249,False
1.4455,165.19199999999998,-4.976,True
1.5689,166.176,-5.413,False
2.04,222.23999999999995,-6.8705,False
1.2583,151.16499999999996,-5.755,False
1.0428000000000002,74.123,-5.352,False
0.9761,146.18599999999998,-6.669,False
0.0152,90.122,-6.631,False
0.5860000000000001,132.159,-6.522,False
0.0317999999999998,134.175,-7.436,False
3.5847200000000026,304.35200000000003,-5.617,False
3.2711000000000023,291.265,-7.28,False
4.718100000000002,350.591,-7.158,False
2.1917,190.19799999999995,-4.27,False
1.9546,122.16699999999996,-5.014,False
3.383000000000002,287.35900000000004,-5.683,True
0.1777999999999999,59.112,-7.284,False
2.200899999999999,489.6090000000003,-7.73,False
2.0608,240.444,-5.406499999999999,False
3.818600000000002,274.795,-6.3535,False
4.894400000000004,318.8730000000001,-7.899,False
4.877300000000004,291.438,-9.556,False
0.2684000000000012,454.4470000000002,-6.84,False
1.9309,289.37500000000006,-8.1555,False
1.8483,162.236,-5.929,False
0.7451999999999999,301.342,-7.733111659,True
1.6303,285.343,-8.192058744,True
1.1981,285.343,-8.588,True
1.4221,287.359,-7.722811771,True
0.9180999999999996,303.358,-8.5415,False
1.459,314.411,-7.608,False
1.3224999999999998,331.4670000000001,-7.981,False
2.192,209.245,-5.895,False
3.826400000000003,263.384,-7.201499999999999,False
1.3279,165.236,-5.778,False
-0.3915,32.042,-5.539,False
2.2856999999999985,476.5660000000004,-7.234,False
3.456000000000002,518.6470000000004,-5.824,False
1.1077,166.17600000000002,-5.255,False
1.7411999999999996,191.19000000000003,-6.025,False
1.0554,151.16500000000002,-5.012,True
1.1788,152.149,-5.596,False
1.2597999999999998,194.18599999999995,-5.204,False
1.1787999999999998,152.14899999999997,-5.0,True
0.8681999999999999,137.138,-6.006,False
0.4186999999999999,148.202,-7.584,False
0.0136000000000001,90.122,-6.459,False
-0.3748999999999999,76.095,-6.095,False
0.1959000000000001,118.132,-6.468,False
-0.3583,120.148,-7.242,False
0.9179999999999996,269.297,-7.308,False
1.6132,267.369,-6.637,False
2.680400000000001,220.976,-4.6155,False
-0.4075999999999999,110.134,-5.605499999999999,False
1.2132999999999998,152.14899999999997,-5.7055,False
2.2764999999999995,312.277,-7.2315,False
1.7845999999999995,383.4080000000002,-5.711,False
3.860000000000003,339.3910000000001,-6.604,False
3.9273200000000026,357.793,-6.997,True
1.5011,299.3700000000001,-7.314085482999999,True
1.0481999999999998,315.3690000000001,-6.59002208,True
1.9333,299.37000000000006,-6.456,True
1.7251,301.3860000000001,-6.190685426,True
3.036500000000001,230.263,-6.657,True
0.2949999999999995,392.404,-7.7,True
0.2949999999999995,392.404,-7.886,True
5.166100000000005,336.4150000000001,-6.469,False
2.7586000000000013,308.315,-6.551,True
1.36176,280.291,-7.218999999999999,False
1.8957,392.4670000000002,-7.75,False
2.5727000000000007,403.81800000000015,-6.642,False
-1.5149999999999972,584.6590000000006,-8.959,False
0.6269999999999998,275.30800000000005,-8.508500000000002,False
3.5796000000000032,318.3690000000001,-7.1885,False
1.8957,392.4670000000002,-7.153,False
3.2473000000000014,764.9500000000003,-8.442,False
1.5576,360.4500000000002,-7.906,False
0.6204999999999998,394.4390000000002,-8.956,False
1.9898,360.45000000000016,-7.968,False
1.7815999999999996,362.4660000000002,-7.529,False
2.1973,462.5390000000004,-6.757,False
1.598,461.5550000000004,-8.141,False
3.367600000000002,504.6200000000005,-6.301,False
2.7683,503.6360000000005,-6.607,False
2.885200000000001,476.61000000000047,-6.597,False
1.8457,360.45000000000016,-7.968,False
3.817400000000002,270.372,-6.0,False
3.609200000000002,272.3879999999999,-5.967,False
2.5800000000000005,288.38699999999994,-7.954,False
3.695900000000003,330.4680000000001,-6.903,False
3.879200000000003,288.431,-5.73,False
2.666700000000002,346.46700000000016,-7.556,False
1.0025999999999995,186.258,-8.617,False
1.55042,231.29900000000004,-6.481,True
2.35402,142.58499999999998,-4.908,False
4.142480000000003,354.44600000000014,-10.884,False
1.15942,122.171,-6.0815,False
1.8667,117.151,-5.1225000000000005,False
2.824020000000001,150.221,-4.834,False
2.8240200000000013,150.221,-4.826,False
2.662440000000001,156.61200000000002,-4.718,False
1.7006199999999998,108.14,-4.895,False
2.00904,122.167,-5.0,False
2.10142,160.172,-4.869,False
1.7006199999999998,108.14,-5.373,False
1.99502,92.141,-3.637,False
1.70062,108.14,-5.36,False
1.77262,164.20399999999998,-7.588,False
2.2986000000000004,208.28,-4.255,False
2.1425,163.829,-4.301,False
1.9864,119.378,-4.352,False
3.644400000000001,290.832,-7.497999999999999,False
6.454800000000002,416.1350000000001,-3.858,False
2.3645,230.098,-8.117,False
5.376700000000004,344.845,-9.255,False
-1.0397000000000003,180.167,-7.595,False
-1.0293,194.194,-6.915,False
1.7037,198.229,-6.0015,False
1.62588,198.845,-4.326,False
1.88018,144.388,-4.604,False
1.46978,154.394,-4.352,False
1.31368,109.943,-4.38,False
0.74878,75.49799999999999,-4.561,False
1.26388,119.12299999999996,-5.731,False
0.1723700000000003,209.253,-5.477,False
0.4199999999999999,151.165,-6.903,False
0.1805000000000001,122.12699999999997,-7.755,False
-1.127,133.10299999999998,-7.5085,False
-0.7679999999999998,337.456,-8.345,False
-0.9762000000000002,60.056,-7.3515,False
-0.6210000000000004,131.131,-7.711,False
-0.4726999999999995,146.19,-7.094,False
-1.0626000000000002,61.084,-7.14,False
-0.6359000000000001,155.15699999999998,-7.903,False
0.8825999999999998,154.125,-7.408,False
2.4418000000000006,198.269,-6.219,False
1.5044,142.58900000000003,-6.234,False
1.9222,127.574,-4.999499999999999,False
0.7592000000000001,153.14100000000002,-5.829,False
0.8510000000000002,108.144,-6.373,False
0.5811999999999999,197.194,-5.977,False
0.8825999999999998,154.125,-6.8655,False
0.9744,109.128,-5.087,False
0.8825999999999998,154.125,-5.758,False
0.7592000000000001,153.141,-5.7010000000000005,False
0.851,108.144,-6.903,False
-2.563,243.219,-8.856,False
-1.3318000000000003,225.208,-7.4285,False
4.425600000000004,375.87100000000015,-7.03,False
0.0196999999999998,211.177,-7.131,False
1.7844,148.161,-5.952999999999999,False
1.1869,217.844,-6.141,False
1.4412,163.387,-6.278,False
1.0308,173.393,-6.352,False
0.8747,128.942,-6.278,False
4.4451,414.064,-7.793,False
0.4659,138.948,-6.41,False
1.09,122.55100000000002,-5.518000000000001,False
0.3098,94.497,-6.515,False
1.6082,622.5390000000003,-8.046,False
-1.2042000000000002,169.073,-6.894,False
0.0008,92.119,-5.2165,False
1.0193,152.149,-6.158,False
4.364100000000001,296.153,-6.556,True
1.3848,122.12299999999996,-5.4155,False
4.1472000000000016,281.23299999999995,-6.1525,True
1.0903999999999998,138.122,-5.988,True
0.7797999999999999,123.11099999999998,-8.173,False
0.2638999999999996,255.27,-8.561,False
2.4386,213.236,-5.348,False
2.291,255.273,-5.799,True
2.917600000000001,182.222,-3.4345,False
1.8987,132.16199999999998,-5.0165,False
2.4164000000000003,198.019,-5.4545,False
-1.0456,134.13500000000002,-5.944,False
1.884,261.089,-6.234500000000001,False
1.9306,250.275,-9.141,False
-1.0200999999999996,227.085,-5.556,False
-1.2782000000000004,191.139,-6.959,False
-1.0622000000000005,236.136,-5.503,False
2.1564000000000005,202.553,-5.079000000000001,False
1.3003999999999998,139.11,-5.81,False
1.3004,139.11,-5.805,False
1.5948,123.11099999999996,-4.8255,False
-0.7977000000000001,130.078,-7.574,False
0.6672999999999998,165.403,-5.965,False
1.6921,134.178,-5.029,False
1.0577,138.16599999999997,-6.43,False
1.2214,122.16699999999996,-5.276,False
-3.5854000000000004,182.172,-7.8665,False
-5.395599999999993,342.297,-8.711500000000001,False
-7.571399999999989,504.4380000000001,-8.208,False
0.8845000000000001,124.13899999999995,-6.255,False
3.3523999999999994,197.448,-4.783,False
5.144700000000002,289.545,-5.039,False
0.8033999999999999,126.11099999999996,-6.066,False
2.1547,173.009,-4.999,False
2.0456,128.558,-4.996,False
2.699,163.003,-4.9215,False
0.8033999999999999,126.11099999999998,-7.456,False
1.0978,110.11199999999998,-7.546,False
2.5454,144.17299999999997,-4.933999999999999,False
1.0978,110.11199999999998,-6.269500000000001,False
0.8033999999999997,126.11099999999998,-6.366,False
2.5454000000000008,144.17299999999997,-5.141,False
1.3922,94.113,-5.6,False
3.059200000000001,170.211,-5.8245000000000005,False
2.0456000000000003,128.558,-5.037,False
1.0978,110.11199999999998,-6.066,False
2.839800000000001,128.17399999999995,-5.4735,False
2.2348,129.16199999999998,-5.332,False
1.6866,78.11399999999999,-4.352,False
