name,klass,logkp,n_rec,logkp_min,logkp_max,ad_dist,in_ad,"pred_PG-form refit (logP, MW)",pred_Random forest,pred_PottsGuy,MW,logP
Acetylsalicylic Acid,NSAID / non-opioid,-5.696,1,-5.696,-5.696,0.6090900085989703,True,-6.228565892809067,-5.759982910714276,-6.445101400767287,180.159,1.3101
Flurbiprofen,NSAID / non-opioid,-5.331,1,-5.331,-5.331,0.8722226347671187,True,-6.000718818374173,-6.532722298115085,-5.152951000767287,244.265,3.6808000000000014
Pranoprofen,NSAID / non-opioid,-6.973,1,-6.973,-6.973,1.3271028226169292,True,-6.2094399280948265,-7.180851024305546,-5.727465800767288,255.273,2.9662000000000006
Ketoprofen,NSAID / non-opioid,-6.768,3,-7.176,-6.151,1.004890508466983,True,-6.174054606530759,-6.782809941964289,-5.622394000767287,254.285,3.105700000000001
Flurbiprofen mannoside,NSAID / non-opioid,-6.935,1,-6.935,-6.935,0.5576094028544707,True,-7.355085523858174,-7.565785484375,-8.088476100767288,406.4060000000001,0.9393000000000002
Ketoprofen mannoside,NSAID / non-opioid,-7.594,1,-7.594,-7.594,0.3962101615485895,True,-7.52842131201476,-7.414141769841263,-8.557919100767288,416.42600000000016,0.3642000000000001
Flurbiprofen glucoside,NSAID / non-opioid,-6.477,1,-6.477,-6.477,0.5576094028544707,True,-7.355085523858174,-7.565785484375,-8.088476100767288,406.4060000000001,0.9393000000000002
Ketoprofen glucoside,NSAID / non-opioid,-7.731,1,-7.731,-7.731,0.3962101615485895,True,-7.52842131201476,-7.414141769841263,-8.557919100767288,416.42600000000016,0.3642000000000001
Ibuprofen,NSAID / non-opioid,-5.7620000000000005,6,-6.244,-4.996,0.8318926243260136,True,-5.95961851442287,-5.973828547123011,-5.352669000767287,206.285,3.073200000000001
Ibuprofen mannoside,NSAID / non-opioid,-6.548,1,-6.548,-6.548,0.9917633303008973,True,-7.31398521990687,-7.672901533572324,-8.288194100767289,368.426,0.3316999999999994
Ibuprofen glucoside,NSAID / non-opioid,-6.945,1,-6.945,-6.945,0.9917633303008973,True,-7.31398521990687,-7.672901533572324,-8.288194100767289,368.426,0.3316999999999994
Sufentanil,Opioid,-5.374,11,-6.894,-5.018,0.9911751400809664,True,-6.539711330962302,-7.462120312748009,-5.641816600767286,386.56100000000015,4.214800000000004
Fentanyl,Opioid,-5.705,15,-9.477,-5.013,1.0478511331612566,True,-6.3257382951257215,-8.127840965029755,-5.391767400767286,336.47900000000004,4.136700000000004
Etorphine,Opioid,-6.0,1,-6.0,-6.0,2.183026047039996,True,-6.887320748119044,-6.922848771825397,-6.540552700767289,411.5420000000002,3.163600000000001
Butyl p-aminobenzoate,Local anaesthetic,-4.607,3,-4.697,-4.41,0.4979939733118891,True,-6.086679377929695,-5.772773536706346,-5.874856100767287,193.246,2.2257
n-Propyl p-aminobenzoate,Local anaesthetic,-4.652,1,-4.652,-4.652,0.4604795255816092,True,-6.1081122371675765,-5.76002128377525,-6.066262400767288,179.21899999999997,1.8356
Lidocaine,Local anaesthetic,-6.4665,8,-7.301,-5.53,0.8839312291012238,True,-6.197313335529188,-6.776442859871037,-5.871339400767287,234.343,2.5837400000000006
Meperidine,Opioid,-5.988,1,-5.988,-5.988,1.1945665057485635,True,-6.33920761640525,-6.812642859149537,-6.213763300767287,247.338,2.2131
Ethyl p-aminobenzoate,Local anaesthetic,-4.976,2,-5.255,-4.697,0.4552866891572916,True,-6.129545096405459,-5.691496210069443,-6.257668700767287,165.19199999999998,1.4455
Etodolac,NSAID / non-opioid,-5.683,1,-5.683,-5.683,1.6154495172279648,True,-6.265486348807324,-7.394055922619048,-5.627262400767287,287.35900000000004,3.383000000000002
Oxymorphone,Opioid,-7.733111659,1,-7.733111659,-7.733111659,1.0371605017939267,True,-6.912890349749668,-7.920946093253959,-7.585396700767287,301.342,0.7451999999999999
Hydromorphone,Opioid,-8.192058744,2,-8.38,-8.004117488,0.5105848215687645,True,-6.64345225286626,-7.602290772479255,-6.859381800767288,285.343,1.6303
Morphine,Opioid,-8.588,3,-9.352,-7.419930646,0.7204133097911903,True,-6.738950483331963,-7.722887774711401,-7.166243800767288,285.343,1.1981
Dihydromorphine,Opioid,-7.722811771,1,-7.722811771,-7.722811771,0.7819636217925432,True,-6.698763720672655,-7.6314667747114,-7.019501400767288,287.359,1.4221
Methyl p-aminobenzoate,Local anaesthetic,-5.012,3,-5.195,-4.735,0.3922442278870893,True,-6.150977955643341,-6.111373243686868,-6.449075000767287,151.16500000000002,1.0554
Methyl salicylate,NSAID / non-opioid,-5.0,1,-5.0,-5.0,0.3898783995657865,True,-6.128254839669868,-5.797997592757936,-6.367463400767288,152.14899999999997,1.1787999999999998
Indomethacin,NSAID / non-opioid,-6.997,1,-6.997,-6.997,1.365324808658896,True,-6.4704098587483125,-6.503996658234131,-5.670442600767286,357.793,3.9273200000000026
Codeine,Opioid,-7.314085482999999,2,-7.866,-6.762170966,0.4657239052293105,True,-6.736763102746471,-7.682120957589287,-7.036678500767288,299.3700000000001,1.5011
Oxycodone,Opioid,-6.59002208,1,-6.59002208,-6.59002208,0.7043935543869795,True,-6.910702969164176,-7.799764877637975,-7.455831400767288,315.3690000000001,1.0481999999999998
Hydrocodone,Opioid,-6.456,1,-6.456,-6.456,0.6808711217603443,True,-6.641264872280768,-7.642867733630944,-6.7298165007672885,299.37000000000006,1.9333
Dihydrocodeine,Opioid,-6.190685426,1,-6.190685426,-6.190685426,0.4914460195945252,True,-6.696576340087163,-7.505196793154758,-6.889936100767288,301.3860000000001,1.7251
Naproxen,NSAID / non-opioid,-6.657,2,-7.218,-6.096,0.8176755850761481,True,-6.078434734411463,-6.956937232142853,-5.524991800767287,230.263,3.036500000000001
Naproxen mannoside,NSAID / non-opioid,-7.7,1,-7.7,-7.7,0.3731965342351175,True,-7.432801439895464,-7.587681925843249,-8.460516900767288,392.404,0.2949999999999995
Naproxen glucoside,NSAID / non-opioid,-7.886,1,-7.886,-7.886,0.3731965342351175,True,-7.432801439895464,-7.587681925843249,-8.460516900767288,392.404,0.2949999999999995
Nimesulide,NSAID / non-opioid,-6.551,1,-6.551,-6.551,1.739854931733976,True,-6.500207181931946,-6.939806451388897,-6.198418000767287,308.315,2.7586000000000013
Aminopyrine,NSAID / non-opioid,-6.481,1,-6.481,-6.481,1.1645432506838032,True,-6.411579866600254,-7.037117222966262,-6.586428200767288,231.29900000000004,1.55042
Diclofenac,NSAID / non-opioid,-6.556,1,-6.556,-6.556,1.1412204447049474,True,-6.089306165235309,-6.601202480902786,-4.984324800767287,296.153,4.364100000000001
Flufenamic acid,NSAID / non-opioid,-6.1525,4,-6.201,-6.094,1.315463638598046,True,-6.068346021506372,-6.643126259672624,-5.047311800767286,281.23299999999995,4.1472000000000016
Salicylic acid,NSAID / non-opioid,-5.988,6,-7.556,-5.136,0.5866843749707977,True,-6.083024542657166,-6.564768168538051,-6.344662700767287,138.122,1.0903999999999998
Ketorolac,NSAID / non-opioid,-5.799,1,-5.799,-5.799,1.175347231740351,True,-6.358631055374889,-7.195139096974205,-6.206857800767288,255.273,2.291
