name,nref,n,spread,sd_between
T-2 toxin,2,2,0.0019999999999997797,0.0014142135623729393
Progesterone,5,5,2.662,1.105439867202192
Ketoprofen,3,3,1.0250000000000004,0.5160390812073573
Ibuprofen,5,6,1.2479999999999993,0.5224072166423428
Atenolol,2,2,3.093,2.1870812742099917
Propranolol-HCl,3,3,3.1739999999999995,1.5870205837774545
"2,3-Butanediol",2,2,0.0,0.0
Citrinin,2,2,0.0,0.0
Sufentanil,2,11,1.8760000000000003,0.07778174593052045
Fentanyl,4,15,4.464,1.731333367427159
Butan-2-one,2,2,0.0,0.0
Betamethasone-17-valerate,2,2,0.9710000000000001,0.6866006845321377
Bis(2-ethylhexyl)phthalate,3,3,2.8820000000000006,1.4509627838094266
1-Decanol,4,7,5.051,1.0560399298006367
1-Nonanol,2,3,7.301,3.6419534765013126
1-Octanol,8,14,6.715999999999999,1.3670746645274565
1-Heptanol,4,7,6.106999999999999,1.8446229684771174
1-Hexanol,6,13,5.398,1.322282824008036
1-Pentanol,5,8,5.071,1.3738565427292615
1-Butanol,8,14,3.0749999999999993,0.41308836827003487
Butyl p-aminobenzoate,2,3,0.2869999999999999,0.13328962825366444
Butyl 4-hydroxybenzoat,2,2,0.9129999999999994,0.6455884912233174
Butoxyethanol,2,3,0.3819999999999997,0.12232947314527275
2-Butoxyethanol,2,2,1.8860000000000001,1.3336033893178287
Diethylene glycol monobutyl ether,3,4,2.2809999999999997,1.1457200065170081
Fumonisin B1,2,2,0.005000000000000782,0.0035355339059332906
1-Propanol,5,8,3.942,1.3488584803455104
Propylparaben,3,4,0.6930000000000005,0.38826923648416967
2-Propoxyethanol,2,3,0.3799999999999999,0.010606601717797986
"N,N-Diethyl-m-toluamide",2,12,1.9060000000000006,0.2255670631985086
Lidocaine,4,8,1.771,0.5019519191781887
Ethanol,6,11,3.4259999999999997,1.272615482644568
Ethyl p-aminobenzoate,2,2,0.5579999999999998,0.3945655839020934
Diethyl Phthalate,2,2,3.2570000000000006,2.3030467863245856
Diethyl ether,2,2,0.0,0.0
2-Ethoxyethanol,5,9,2.2410000000000005,0.8087810581362549
2-Ethoxyethyl acetate,2,2,0.25400000000000045,0.1796051224213834
Atropine,2,2,0.9589999999999996,0.6781154031578989
Nicotine,4,6,2.069000000000001,0.9074159281534937
Hydromorphone,2,2,0.37588251200000045,0.2657890731646341
Morphine,3,3,1.9320693540000002,0.9730513864830876
Methanol,4,7,3.0,1.23204734757503
Methyl p-aminobenzoate,2,3,0.45999999999999996,0.2605688488672428
Methyl 4-hydroxybenzoate,6,7,0.6530000000000005,0.2627810241753896
Dimethyl Phthalate,2,3,2.8820000000000006,2.0198505204593733
Methyl nicotinate,2,2,0.08000000000000007,0.05656854249492385
1-Methoxy-2-Propanol,3,3,1.1739999999999995,0.6606390845234634
Aflatoxin B1,2,2,0.001000000000000334,0.0007071067811867838
Codeine,2,2,1.1038290339999994,0.7805249952119957
Naproxen,2,2,1.1219999999999999,0.7933738084913062
Ochratoxin A,2,2,0.0,0.0
Ouabain,2,3,4.823,1.9505540559030918
Zearalenone,2,2,0.001000000000000334,0.0007071067811867838
Cortisone,2,2,1.1759999999999993,0.8315575746753794
Hydrocortisone,8,14,2.957,1.0871203586112914
Aldosterone,4,4,1.2860000000000005,0.5973731385546783
Estradiol,12,15,2.2639999999999993,0.42934294408591783
Testosterone,12,19,2.9579999999999993,0.708791315400999
Corticosterone,6,6,1.1269999999999998,0.43028393726313624
Chlorocresol,2,2,0.18400000000000016,0.13010764773832487
Thymol,3,3,0.09000000000000075,0.046317743180484976
Carvacrol,2,2,0.03200000000000003,0.02262741699796954
Chloroxylenol,2,2,0.13400000000000034,0.0947523086789976
p-Cresol,2,2,0.8359999999999994,0.5911412690719533
Theophylline,3,4,1.3399999999999999,0.5663952536288889
Caffeine,11,13,3.258,0.6401056553413662
Urea,2,2,0.06899999999999995,0.04879036790187174
2-Nitro-p-Phenylenediamine,2,3,1.1980000000000004,0.7870098474606276
p-Phenylenediamine,2,3,0.8710000000000004,0.5918483758531401
Calcein,3,3,1.0359999999999996,0.5204856706320867
Benzoic acid,4,6,1.0570000000000004,0.45623082151472416
Salicylic acid,6,6,2.42,0.8812972256849557
5-Fluorouracil,3,3,0.7180000000000009,0.3621081790478277
Mannitol,3,4,0.38699999999999957,0.14564883567448567
Sucrose,3,4,0.7650000000000006,0.40964812135945866
Triclosan,2,3,3.1550000000000002,1.9038850083447798
"2,4-Dichlorophenol",2,2,0.2870000000000008,0.20293964620053973
Hydroquinone,2,2,2.08,1.470782104868019
2-Naphthol,2,2,0.3540000000000001,0.2503158005400379
Resorcinol,3,4,1.3399999999999999,0.653344536468572
Phenol,2,2,0.02799999999999958,0.019798989873223035
Benzene,3,3,0.766,0.40424538752264494
