fold,chemistry,protocol,both
1,0.2217871431717353,0.25197795161931713,0.4558986247272039
2,0.31248019658503,0.3522608135340932,0.4902429255714281
3,-0.1729767257253425,0.36849527745063315,0.13502378064504994
4,0.5508414975297085,0.2957091351414016,0.6095918087421557
5,0.38208527257601566,0.40803869370561696,0.4538059851962324
6,0.42969919437355475,0.3985007013576465,0.6000543037432077
7,0.22421684998388247,0.13197992362115973,0.4917048390542984
8,0.2959316282166492,-0.0005127366854797977,0.5001470562922199
9,-0.10877604867264257,0.3110059011508939,-0.17276332826901863
10,-0.11617634641841157,0.4644695291870943,0.23966539109763874
