fold,epidermis,other_mixed
1,0.08753460333146634,0.5018863079057264
2,0.7101793064289694,0.19381734056986544
3,0.39886832021497787,-0.032083130482373656
4,0.7451421063701966,0.4114853200651142
5,0.4002621905803675,0.1112446595768598
6,0.3205050119138939,0.6567760023626525
7,0.2177125165842997,-0.06601528158918901
8,0.4497978248718568,-0.1315779023000334
9,0.5675809580191238,0.39027965297191747
10,0.46672129616056934,0.3555365865470549
11,0.5354350855001704,0.4172329554224605
12,0.6227469847306304,0.42552832759600423
13,0.7798990715893723,-0.2697331936510401
14,0.3069677751317792,-0.12464180045984641
15,0.43767064743857165,0.33552682691383184
16,0.24368531539188243,0.3030888397479703
17,0.367861013515525,-0.01359914120589556
18,0.6099893778604024,0.3997715208185174
19,0.7260802227354934,0.4032680117800099
20,0.33063180441450735,0.08036533059092776
21,0.5880683186202669,0.3450651492202651
22,0.131404993265973,0.7235294875953429
23,0.47278761945967707,0.42574892594509584
24,0.6573831148881698,0.4072388174311049
25,0.4293999285853858,0.13126264346916783
26,0.26921087493883533,0.13606335434976635
27,0.6157093203092803,0.2355527134102502
28,0.5684799386347397,-0.1862160034557756
29,0.49450058694682897,0.19697848131281592
30,0.3575280103020334,0.08013086728208074
31,0.47508888182406894,-0.24727750128448767
32,0.5055121332530372,0.22304048026492407
33,-0.12309763650654526,-0.009163860434644011
34,0.7165021803595123,0.31671297070663595
35,0.19748129714810037,0.35517021229217915
36,0.24796906460309542,0.47682131107671655
37,0.4078837552004806,-0.0949183966213667
38,0.6308456796360056,0.29629539640487657
39,0.606709412393805,-0.026753521833839056
40,0.43400140266269716,0.3844095123171515
41,0.4317600170332522,0.3283502265303475
42,0.5549475572312075,0.6296217220358193
43,0.22395468884372038,0.21509423734049937
44,0.5313168725324158,-0.7776404984741467
45,0.46382561948146184,0.4486403595984013
46,0.25015826132425945,0.4482371514386505
47,0.3698515718665334,0.10894277369293992
48,0.29929939012893836,0.2739700377805543
49,0.5197366476166876,0.10077968501340706
50,0.5172228423262812,0.34618380741898713
