descriptor,smd_before,smd_after,p_after
MW,-0.09209820476672681,0.02856299213647573,0.7797371414108694
logP,-0.10488801154060157,-0.06394396475704177,0.5313479115832765
MR,0.0021280834780002065,0.08891652006491875,0.3841919116443107
TPSA,0.05873528973530954,0.13259176484456073,0.19468332943788394
HBD,0.19990629752831274,0.2515852720923706,0.014139529757167724
HBA,-0.0012038774257921434,0.05899585545506876,0.563578394195727
RotB,-0.08470147953903792,-0.04002581019116041,0.6951503958645668
AromRings,0.05645369657350432,0.039219120528403165,0.7009941321183082
Rings,0.12275248196965013,0.15278398661833673,0.1352265155024764
HeavyAtoms,0.04884302867456168,0.13116372111236416,0.19952313359430948
FracCSP3,-0.193477963243833,-0.15795081169931152,0.12254772943689662
LabuteASA,-0.004485123445387602,0.08921417318607915,0.38260384322799257
BalabanJ,-0.03265927296851784,-0.016805501024420702,0.8692990040563913
BertzCT,0.0567176815814468,0.108626081595603,0.2878588185659603
HeteroAtoms,-0.13887648295279376,-0.05789515375650546,0.5708745829936327
