scheme,model,cv_R2,cv_R2_sd,cv_RMSE,ho_R2,ho_RMSE,ho_MAE,ho_n,logp_sub_R2,logp_sub_RMSE,unit,n_fit,n_ho
A_median,"PG-form refit (logP, MW)",0.22293848084461806,0.0657805099692779,1.077256436927461,0.0783076383660446,1.1348568715034468,0.9086871091033731,66,0.2900446188712939,0.9021273223840579,compound,261,66
A_median,MLR (all descriptors),0.2182710667436781,0.08108125478317953,1.078048831758234,0.06559313724812921,1.14265758588417,0.8937856727083862,66,0.10263451544689255,0.9867309783806683,compound,261,66
A_median,Ridge (all descriptors),0.20057267023541323,0.07519370842667657,1.0923097225146077,0.14387083159937875,1.0937491898019305,0.884805799132744,66,0.20727210166231683,0.9264990259493636,compound,261,66
A_median,Random forest,0.36447246545113376,0.18295720674090277,0.9597846761793353,0.3118779747586431,0.9805750231895634,0.7031012120184978,66,0.5103229620183507,0.7266427428037363,compound,261,66
A_median,Gradient boosting (XGB),0.30874673290513205,0.18251904553231216,1.0011036309487982,0.2740127813049247,1.0071927358592225,0.745543338535186,66,0.47956264469374493,0.7636198597862691,compound,261,66
A_median,Potts-Guy (literature),-0.1722331687276215,,1.3376706573809907,-0.26810012550107754,1.3311434827679975,0.953032412645511,66,-0.2177922723404797,1.292061531980838,compound,261,66
B_mean,"PG-form refit (logP, MW)",0.21310758367665156,0.05660901416036076,1.0709280182121024,0.08026761974292562,1.1389697758657662,0.9103119735491021,66,0.29118218774097165,0.9079984395437256,compound,261,66
B_mean,MLR (all descriptors),0.2048377444101262,0.09977487290322627,1.0727778496772042,0.08241605860854517,1.1376387160530974,0.8902474558553797,66,0.10911440699869057,0.9964717392248122,compound,261,66
B_mean,Ridge (all descriptors),0.20318342628534172,0.07386954433922176,1.0758139899455914,0.14368588795477988,1.0990008085817313,0.8911064012911485,66,0.24004995467502416,0.920296245439349,compound,261,66
B_mean,Random forest,0.3637269207729281,0.20409927621479176,0.9451001982243723,0.31767842091491216,0.9810158282212648,0.7070382050688574,66,0.5407412551351093,0.7066293766498499,compound,261,66
B_mean,Gradient boosting (XGB),0.3152299326510663,0.18269224508499962,0.9830554545548296,0.28224559032494556,1.0061654400153122,0.7475256952594364,66,0.5071692691817834,0.7511101515999051,compound,261,66
B_mean,Potts-Guy (literature),-0.21546412156300532,,1.3439029935789915,-0.2868474506947787,1.3472400803379727,0.9735938421059918,66,-0.22283211492855304,1.3048451696168537,compound,261,66
C_record,"PG-form refit (logP, MW)",0.18040612835644698,0.07589780084875755,1.1706900389528996,0.1699378389024795,1.2170918226768468,0.9300029941054566,155,0.19909528453235598,0.9990994527672588,record,577,155
C_record,MLR (all descriptors),0.1398472106426102,0.08674569469299909,1.198562358104232,0.14649218508308015,1.2341609111525842,0.9171567704699599,155,-0.19766889395090512,1.2058032139564463,record,577,155
C_record,Ridge (all descriptors),0.16397564714356266,0.08370887089440995,1.18240804557403,0.16198898085422675,1.2229055072174961,0.9113723081620738,155,0.032003180421233346,1.0864353487689011,record,577,155
C_record,Random forest,0.2034338299127129,0.23630162595814216,1.1428464589505627,0.3355807291555968,1.088902879572389,0.7577451787055905,155,0.2702464563649344,0.9266270524691477,record,577,155
C_record,Gradient boosting (XGB),0.1276817787620703,0.32067849136834026,1.1907213842457645,0.2907631957745431,1.1250288726176134,0.7913145357775799,155,0.22416404421888864,0.9546632818285726,record,577,155
C_record,Potts-Guy (literature),-0.09757054665542197,,1.3762944966551482,-0.08692691251500428,1.392734093990275,0.971192497706958,155,-0.19201064794701228,1.3637489937395333,record,577,155
