csmiles,name,logkp,grouped_cv_fold
CCCCOC(=O)c1ccc(O)cc1,Butyl 4-hydroxybenzoat,-4.538,0
Cn1c(=O)c2c(ncn2C)n(C)c1=O,Caffeine,-7.053,6
COC(=O)c1ccc(O)cc1,Methyl 4-hydroxybenzoate,-5.23,4
CC(=O)OCC(=O)[C@@]12OC(C)(C)O[C@@H]1C[C@H]1[C@@H]3C[C@H](F)C4=CC(=O)C=C[C@]4(C)[C@@]3(F)[C@@H](O)C[C@@]12C,Fluocinonide,-6.326,7
CC(=O)OCC(=O)[C@@]12OC(C)(C)O[C@@H]1C[C@H]1[C@@H]3C[C@H](F)C4=CC(=O)C=C[C@]4(C)[C@@]3(F)[C@@H](O)C[C@@]12C,Fluocinonide,-6.326,7
C[C@]12CCC(=O)C=C1CC[C@@H]1[C@@H]2[C@@H](O)C[C@@]2(C)[C@H]1CC[C@]2(O)C(=O)COC(=O)CCC(=O)O,Hydrocortisone 21-Hemisuccinate,-6.757,7
C[C@]12CCC(=O)C=C1CC[C@@H]1[C@@H]2[C@@H](O)C[C@@]2(C)[C@H]1CC[C@]2(O)C(=O)COC(=O)CCCCCC(=O)O,Hydrocortisone 21-Hemipimelate,-6.301,5
CCCCCC(=O)OCC(=O)[C@@]1(O)CC[C@H]2[C@@H]3CCC4=CC(=O)CC[C@]4(C)[C@H]3[C@@H](O)C[C@@]21C,Hydrocortisone 21-Hexanoate,-5.301,2
C[C@]12CCC(=O)C=C1CC[C@@H]1[C@@H]2[C@@H](O)C[C@@]2(C)[C@H]1CC[C@]2(O)C(=O)COC(=O)CCCCCO,Hydrocortisone 21-(6-hydroxyhexanoate),-6.597,3
COC(=O)CCCCCC(=O)OCC(=O)[C@@]1(O)CC[C@H]2[C@@H]3CCC4=CC(=O)CC[C@]4(C)[C@H]3[C@@H](O)C[C@@]21C,Hydrocortisone 21-methylpimelate,-5.824,9
COC(=O)CCC(=O)OCC(=O)[C@@]1(O)CC[C@H]2[C@@H]3CCC4=CC(=O)CC[C@]4(C)[C@H]3[C@@H](O)C[C@@]21C,Hydrocortisone 21-methylsuccinate,-7.234,0
CN(C)C(=O)CCC(=O)OCC(=O)[C@@]1(O)CC[C@H]2[C@@H]3CCC4=CC(=O)CC[C@]4(C)[C@H]3[C@@H](O)C[C@@]21C,"Hydrocortisone 21-(N,N-dimethylsuccinamate)",-7.73,7
CCCCCCCC(=O)OCC(=O)[C@@]1(O)CC[C@H]2[C@@H]3CCC4=CC(=O)CC[C@]4(C)[C@H]3[C@@H](O)C[C@@]21C,Hydrocortisone 21-octanoate,-4.764,1
C[C@]12CCC(=O)C=C1CC[C@@H]1[C@@H]2[C@@H](O)C[C@@]2(C)[C@H]1CC[C@]2(O)C(=O)COC(=O)CCCCCC(N)=O,Hydrocortisone 21-pimelamate,-6.607,4
CCC(=O)OCC(=O)[C@@]1(O)CC[C@H]2[C@@H]3CCC4=CC(=O)CC[C@]4(C)[C@H]3[C@@H](O)C[C@@]21C,Hydrocortisone 21-propionate,-6.038,6
CCC(=O)OCC(=O)[C@@]1(O)CC[C@H]2[C@@H]3CCC4=CC(=O)CC[C@]4(C)[C@H]3[C@@H](O)C[C@@]21C,Hydrocortisone 21-propionate,-6.025,6
C[C@]12CCC(=O)C=C1CC[C@@H]1[C@@H]2[C@@H](O)C[C@@]2(C)[C@H]1CC[C@]2(O)C(=O)COC(=O)CCC(N)=O,Hydrocortisone 21-succinamate,-8.141,6
OC[C@H]1O[C@@](CO)(O[C@H]2O[C@H](CO)[C@@H](O)[C@H](O)[C@H]2O)[C@@H](O)[C@@H]1O,Sucrose,-8.583,9
OC[C@H]1O[C@@](CO)(O[C@H]2O[C@H](CO)[C@@H](O)[C@H](O)[C@H]2O)[C@@H](O)[C@@H]1O,Sucrose,-8.84,9
OCc1ccc(O)cc1,4-Hydroxybenzyl alcohol,-6.255,5
NC(=O)Cc1ccc(O)cc1,4-Hydroxyphenylacetamide,-6.903,8
O=C(O)Cc1ccc(O)cc1,4-Hydroxyphenylacetic acid,-6.158,1
COC(=O)Cc1ccc(O)cc1,Methyl 4-hydroxyphenylacetate,-5.255,8
Cc1ccc(O)cc1,p-Cresol,-4.477,6
Cc1ccccc1,Toluene,-3.637,4
CCOCCOC(C)=O,2-Ethoxyethyl acetate,-6.395,2
CCCCC(CC)CO,2-Ethylhexanol,-7.899,5
CCCOCCO,2-Propoxyethanol,-6.748,6
CCCCC(CC)COC(=O)c1ccccc1C(=O)OCC(CC)CCCC,Bis(2-ethylhexyl)phthalate,-10.535,3
CCCCOCCOCCO,Diethylene glycol monobutyl ether,-7.071,0
CCOCCC(=O)OCC,Ethyl 3-ethoxypropionate,-6.669,5
NC(N)=O,Urea,-7.386,2
CCO,Ethanol,-7.079,9
CCCCCCCCO,1-Octanol,-4.84,5
CCCCCO,1-Pentanol,-5.778,3
CCCO,1-Propanol,-6.556,7
CC(O)C(C)O,"2,3-Butanediol",-7.857,8
CCCCO,1-Butanol,-6.079,4
CCC(C)=O,Butan-2-one,-5.903,5
CCOCCO,2-Ethoxyethanol,-7.158,8
CCOCC,Diethyl ether,-5.352,3
c1ccccc1,Benzene,-4.511,3
Nc1cc([N+](=O)[O-])ccc1O,2-Amino-4-Nitrophenol,-8.079,0
Nc1ccc(N)c([N+](=O)[O-])c1,2-Nitro-p-Phenylenediamine,-6.857,8
Nc1ccc(O)c([N+](=O)[O-])c1,4-Amino-2-Nitrophenol,-7.622,7
Nc1ccc(Cl)c(N)c1,4-Chloro-m-Phenylenediamine,-6.234,3
Nc1ccccc1N,o-Phenylenediamine,-6.903,2
Nc1ccc(N)cc1,p-Phenylenediamine,-7.176,7
Oc1ccc(Cl)cc1Cl,"2,4-Dichlorophenol",-5.065,1
CC(=O)O,Acetic acid,-6.079,1
O=C(O)c1ccccc1,Benzoic acid,-5.675,5
CCCCC(CC)COC(=O)c1ccccc1C(=O)OCC(CC)CCCC,Bis(2-ethylhexyl)phthalate,-7.653,3
CCCCOC(C)O,Butoxyethanol,-6.0,7
C[C@]12CCC(=O)C=C1CC[C@@H]1[C@@H]2C(=O)C[C@@]2(C)[C@H]1CC[C@]2(O)C(=O)CO,Cortisone,-7.38,2
CCCCCCCCCCO,1-Decanol,-5.515,0
CCOP(=S)(OCC)Oc1cc(C)nc(C(C)C)n1,Diazinon,-5.617,3
C=C(CC)C(=O)c1ccc(OCC(=O)O)c(Cl)c1Cl,Ethacrynic acid,-7.38,6
CC/C=C/C/C=C/C/C=C/CCCCCCCC(=O)O,Linolenic acid,-5.988,2
CCCCCCCCOC(=O)c1ccc(O)cc1,Octylparaben,-5.588,6
CCCCCCCCC=CCCCCCCCC(=O)O,Oleic acid,-6.442,9
CCCOC(=O)c1ccc(O)cc1,Propylparaben,-5.41,1
O=C(O)c1ccccc1O,Salicylic acid,-6.588,4
C[C@]12CC[C@H]3[C@@H](CCC4=CC(=O)CC[C@@]43C)[C@@H]1CC[C@@H]2O,Testosterone,-5.67,0
CCCCO,1-Butanol,-5.481,4
CCCCCCO,1-Hexanol,-5.284,7
CCCCCCN1CCCC1=O,1-Hexyl-2-Pyrrolidone,-5.208,3
CCCCCCCCO,1-Octanol,-4.87,5
CCCCCCCCN1CCCCCC1=O,1-Octyl-2-Azacycloheptanone,-4.836,1
CCCCCCCCN1CCCC1=O,1-Octyl-2-Pyrrolidone,-4.827,2
CCCCCO,1-Pentanol,-5.125,3
OCCc1ccccc1,2-Phenylethanol,-5.276,7
Cc1ccc(C(C)C)cc1O,Carvacrol,-4.842,8
Cc1ccc(C(C)C)c(O)c1,Thymol,-4.86,3
CCO,Ethanol,-6.278,9
CCCCO,1-Butanol,-5.659,4
CCCCCCCCCCO,1-Decanol,-4.701,0
CCCCCCO,1-Hexanol,-5.051,7
CCCCCCCCO,1-Octanol,-4.586,5
CC(O)COC(=O)c1cccnc1,2-Hydroxypropyl Nicotinate,-8.025,3
O=C(OCc1ccccc1)c1cccnc1,Benzyl nicotinate,-5.348,7
CCCCOC(=O)c1cccnc1,Butyl nicotinate,-5.335,8
CCOC(=O)c1cccnc1,Ethyl nicotinate,-5.755,6
O=C(O)c1ccncc1,Isonicotinic acid,-8.173,9
COC(=O)c1cccnc1,Methyl nicotinate,-6.046,5
COCCOCCOCCOC(=O)c1cccnc1,Methyltriglycol nicotinate,-7.308,3
CCCCCCOC(=O)c1cccnc1,n-Hexyl nicotinate,-5.303,2
O=C(OCCOCCOCCO)c1cccnc1,Triglycol nicotinate,-8.561,8
CC(=O)Oc1ccccc1C(=O)O,Acetylsalicylic Acid,-5.696,0
CN1C2CCC1CC(OC(=O)C(CO)c1ccccc1)C2,Atropine,-7.676,8
O=C(O)c1ccccc1,Benzoic acid,-5.156,5
O=C(O)Cc1ccccc1Nc1c(Cl)cccc1Cl,Diclofenac,-6.556,0
CC(C)Cc1ccc(C(C)C(=O)O)cc1,Ibuprofen,-4.996,1
COC(=O)c1cccnc1,Methyl nicotinate,-5.966,5
COc1ccc2cc(C(C)C(=O)O)ccc2c1,Naproxen,-6.096,8
CN1CCCC1c1cccnc1,Nicotine,-6.036,8
O=C(O)c1ccccc1O,Salicylic acid,-5.416,4
CCc1cccc2c3c([nH]c12)C(CC)(CC(=O)O)OCC3,Etodolac,-5.683,9
NC(N)=Nc1nc(CSCCC(N)=NS(N)(=O)=O)cs1,Famotidine,-8.345,7
CC(C(=O)O)c1cccc(C(=O)c2ccccc2)c1,Ketoprofen,-6.768,2
CS(=O)(=O)Nc1ccc([N+](=O)[O-])cc1Oc1ccccc1,Nimesulide,-6.551,3
CNC(=C[N+](=O)[O-])NCCSCc1csc(CN(C)C)n1,Nizatidine,-7.981,1
CNC(=C[N+](=O)[O-])NCCSCc1ccc(CN(C)C)o1,Ranitidine,-7.608,2
Cn1c(=O)c2[nH]cnc2n(C)c1=O,Theophylline,-7.125,2
Oc1ccc(O)c(O)c1,"1,2,4-Benzenetriol",-7.456,9
Oc1ccccc1O,Catechol,-6.066,5
Oc1ccc(O)cc1,Hydroquinone,-6.506,8
Oc1ccccc1,Phenol,-5.586,6
Oc1cc(O)cc(O)c1,Phloroglucinol,-6.066,2
Oc1cccc(O)c1O,Pyrogallol,-6.366,8
Oc1cccc(O)c1,Resorcinol,-6.626,3
CC(N)Cc1ccccc1,Amphetamine,-8.409,9
C[C@]12CC[C@@H]3c4ccc(O)cc4CC[C@H]3[C@@H]1CC[C@@H]2O,Estradiol,-5.967,1
C[C@@H]1O[C@@H](O[C@H]2C[C@@H](O)[C@]3(CO)C4C(CC[C@]3(O)C2)[C@@]2(O)CC[C@H](C3=CC(=O)OC3)[C@@]2(C)C[C@H]4O)[C@H](O)[C@H](O)[C@H]1O,Ouabain,-8.959,9
C[C@]12CC[C@@H]3c4ccc(O)cc4CC[C@H]3[C@@H]1CC[C@@H]2O,Estradiol,-6.684,1
C[C@]12CC[C@@H]3c4ccc(O)cc4CC[C@H]3[C@@H]1CC[C@@H]2O,Estradiol,-6.018,1
CCC1(CCC(C)C)C(=O)NC(=O)NC1=O,Amobarbital,-6.201,8
CCC1(CC)C(=O)NC(=O)NC1=O,Barbital,-7.509,9
CCCCC1(CC)C(=O)NC(=O)NC1=O,Butobarbital,-7.268,4
C[C@]12CCC(=O)C=C1CC[C@@H]1[C@@H]2[C@@H](O)C[C@@]2(C)[C@H]1CC[C@]2(O)C(=O)CO,Hydrocortisone,-7.481,3
c1ccc2cnccc2c1,Isoquinoline,-5.332,4
CN1CCCC1c1cccnc1,Nicotine,-5.27,8
CCC1(c2ccccc2)C(=O)NC(=O)NC1=O,Phenobarbital,-6.9,7
O=C(O)c1ccccc1O,Salicylic acid,-5.76,4
O=C(O)c1ccccc1Nc1cccc(C(F)(F)F)c1,Flufenamic acid,-6.194,3
O=c1[nH]cc(F)c(=O)[nH]1,5-Fluorouracil,-7.297,2
COc1ccc2c(c1)c(CC(=O)O)c(C)n2C(=O)c1ccc(Cl)cc1,Indomethacin,-6.997,9
CC(C)NCC(O)COc1cccc2ccccc12,Propranolol-HCl,-7.879,0
C[C@]12CCC(=O)C=C1CC[C@@H]1[C@@H]2[C@@H](O)C[C@]2(C=O)[C@@H](C(=O)CO)CC[C@@H]12,Aldosterone,-7.793,5
C[C@]12CC[C@@H]3c4ccc(O)cc4CC[C@H]3[C@@H]1CC[C@@H]2O,Estradiol,-5.944,1
C[C@]12CCC(=O)C=C1CC[C@@H]1[C@@H]2[C@@H](O)C[C@@]2(C)[C@H]1CC[C@]2(O)C(=O)CO,Hydrocortisone,-7.195,3
CC(=O)[C@H]1CC[C@H]2[C@@H]3CCC4=CC(=O)CC[C@]4(C)[C@H]3CC[C@]12C,Progesterone,-5.079,2
C[C@]12C[C@H](O)[C@H]3[C@@H](CCC4=CC(=O)CC[C@@]43C)[C@@H]1CC[C@@H]2C(=O)CO,Corticosterone,-7.556,6
C[C@@H]1C[C@H]2[C@@H]3CCC4=CC(=O)C=C[C@]4(C)[C@@]3(F)[C@@H](O)C[C@]2(C)[C@@]1(O)C(=O)CO,Dexamethasone,-7.75,2
C[C@]12CC[C@@H]3c4ccc(O)cc4CC[C@H]3[C@@H]1CC[C@@H]2O,Estradiol,-5.937,1
CCN(CC)CC(=O)Nc1c(C)cccc1C,Lidocaine,-5.958,6
C[C@]12CC[C@H]3[C@@H](CCC4=CC(=O)CC[C@@]43C)[C@@H]1CC[C@@H]2O,Testosterone,-5.827,0
C[C@]12CC[C@@H]3c4ccc(O)cc4CC[C@H]3[C@@H]1CC[C@@H]2O,Estradiol,-5.77,1
NCC(=O)CCC(=O)O,5-Aminolevulinic acid,-7.711,6
C[C@H](N)C(=O)N[C@@H](Cc1c[nH]c2ccccc12)C(=O)O,L-alanyl-L-tryptophan,-8.38,4
C[C@H]1C[C@H]2[C@@H]3CCC4=CC(=O)C=C[C@]4(C)[C@@]3(F)[C@@H](O)C[C@]2(C)[C@@]1(O)C(=O)CO,Betamethasone,-7.153,1
Nc1ccn([C@@H]2O[C@H](CO)[C@@H](O)[C@@H]2O)c(=O)n1,Cytarabine,-8.856,1
CC(=O)Nc1ccn([C@@H]2O[C@H](CO)[C@H](O)[C@@H]2O)c(=O)n1,"N4-acetyl-4-amino-1-[(2R,3S,4R,5R)-3,4-dihydroxy-5 (hydroxymethyl)oxolan-2-yl] pyrimidin-2-one",-6.889,2
CCCCCC(=O)Nc1ccn([C@@H]2O[C@H](CO)[C@H](O)[C@@H]2O)c(=O)n1,"N4-hexanoyl-4-amino-1-[(2R,3S,4R,5R)-3,4-dihydroxy-5 (hydroxymethyl)oxolan-2-yl] pyrimidin-2-one",-5.737,3
CCN(C)C,Dimethylethylamine,-6.079,3
CNCCC=C1c2ccccc2CCc2ccccc21,Nortriptyline hydrocloride,-7.959,6
CNCCC=C1c2ccccc2CCc2ccccc21,Nortriptyline hydrocloride,-6.444,6
CN1C2CCC1CC(OC(=O)C(CO)c1ccccc1)C2,Atropine,-8.635,8
CN(C)CCC(c1ccc(Cl)cc1)c1ccccn1,Chlorpheniramine,-6.216,9
CCN(CC)C(=O)N1CCN(C)CC1,Diethylcarbamazine,-7.459,2
C[C@H]1O[C@@H](O[C@H]2[C@@H](O)C[C@H](O[C@H]3[C@@H](O)C[C@H](O[C@H]4CC[C@@]5(C)[C@H](CC[C@@H]6[C@@H]5CC[C@]5(C)[C@H](C7=CC(=O)OC7)CC[C@]65O)C4)O[C@@H]3C)O[C@@H]2C)C[C@H](O)[C@@H]1O,Digitoxin,-8.442,0
CN[C@@H](C)[C@H](O)c1ccccc1,Ephedrine,-5.778,6
C[C@]12CC[C@@H]3c4ccc(O)cc4CC[C@H]3[C@@H]1CC[C@@H]2O,Estradiol,-5.829,1
CCC(=O)N(c1ccccc1)C1CCN(CCc2ccccc2)CC1,Fentanyl,-5.556,2
O=[N+]([O-])OCC(CO[N+](=O)[O-])O[N+](=O)[O-],Nitroglycerin,-5.556,4
C[C@@H]1O[C@@H](O[C@H]2C[C@@H](O)[C@]3(CO)C4C(CC[C@]3(O)C2)[C@@]2(O)CC[C@H](C3=CC(=O)OC3)[C@@]2(C)C[C@H]4O)[C@H](O)[C@H](O)[C@H]1O,Ouabain,-9.653,9
CN1[C@@H]2CC(OC(=O)[C@H](CO)c3ccccc3)C[C@H]1[C@@H]1O[C@@H]12,Scopolamine,-7.852,8
CN(C)CCC(c1ccc(Cl)cc1)c1ccccn1,Chlorpheniramine,-6.491,9
CN[C@@H](C)[C@H](O)c1ccccc1,Ephedrine,-5.778,6
CN[C@@H](C)[C@H](O)c1ccccc1,Ephedrine,-5.778,6
CN[C@@H](C)[C@H](O)c1ccccc1,Ephedrine,-6.326,6
CN1[C@@H]2CC(OC(=O)[C@H](CO)c3ccccc3)C[C@H]1[C@@H]1O[C@@H]12,Scopolamine,-9.128,8
CN1[C@@H]2CC(OC(=O)[C@H](CO)c3ccccc3)C[C@H]1[C@@H]1O[C@@H]12,Scopolamine,-8.862,8
CN1[C@@H]2CC(OC(=O)[C@H](CO)c3ccccc3)C[C@H]1[C@@H]1O[C@@H]12,Scopolamine,-8.221,8
c1ccccc1,Benzene,-4.352,3
CCCCO,1-Butanol,-6.214,4
Cn1c(=O)c2c(ncn2C)n(C)c1=O,Caffeine,-7.556,6
C[C@]12C[C@H](O)[C@H]3[C@@H](CCC4=CC(=O)CC[C@@]43C)[C@@H]1CC[C@@H]2C(=O)CO,Corticosterone,-7.079,6
C[C@]12CC[C@@H]3c4ccc(O)cc4CC[C@H]3[C@@H]1CC[C@@H]2O,Estradiol,-6.051,1
CC(=O)[C@H]1CC[C@H]2[C@@H]3CCC4=CC(=O)CC[C@]4(C)[C@H]3CC[C@]12C,Progesterone,-5.442,2
C[C@]12CC[C@H]3[C@@H](CCC4=CC(=O)CC[C@@]43C)[C@@H]1CC[C@@H]2O,Testosterone,-6.214,0
C[C@]12CCC(=O)C=C1CC[C@@H]1[C@@H]2[C@@H](O)C[C@]2(C=O)[C@@H](C(=O)CO)CC[C@@H]12,Aldosterone,-7.857,5
CCCCO,1-Butanol,-6.214,4
C[C@]12C[C@H](O)[C@H]3[C@@H](CCC4=CC(=O)CC[C@@]43C)[C@@H]1CC[C@@H]2C(=O)CO,Corticosterone,-7.079,6
C[C@]12CC[C@@H]3c4ccc(O)cc4CC[C@H]3[C@@H]1CC[C@@H]2O,Estradiol,-6.079,1
O=C(O)c1ccccc1O,Salicylic acid,-7.556,4
OC[C@H]1O[C@@](CO)(O[C@H]2O[C@H](CO)[C@@H](O)[C@H](O)[C@H]2O)[C@@H](O)[C@@H]1O,Sucrose,-8.84,9
C[C@]12CCC(=O)C=C1CC[C@@H]1[C@@H]2[C@@H](O)C[C@]2(C=O)[C@@H](C(=O)CO)CC[C@@H]12,Aldosterone,-8.079,5
C[C@]12C[C@H](O)[C@H]3[C@@H](CCC4=CC(=O)CC[C@@]43C)[C@@H]1CC[C@@H]2C(=O)CO,Corticosterone,-7.556,6
CCCCCCCCCCO,1-Decanol,-4.602,0
C[C@]12CC[C@@H]3c4ccc(O)cc4CC[C@H]3[C@@H]1CC[C@@H]2O,Estradiol,-6.079,1
CCN(CC)CC(=O)Nc1c(C)cccc1C,Lidocaine,-6.079,6
Oc1cccc2ccccc12,Naphthol,-5.141,7
CCCCCCCCO,1-Octanol,-4.711,5
CC(=O)[C@H]1CC[C@H]2[C@@H]3CCC4=CC(=O)CC[C@]4(C)[C@H]3CC[C@]12C,Progesterone,-5.255,2
C[C@]12CC[C@H]3[C@@H](CCC4=CC(=O)CC[C@@]43C)[C@@H]1CC[C@@H]2O,Testosterone,-6.214,0
CC(C)NCC(O)COc1ccc(COCCOC(C)C)cc1,Bisoprolol Fumarate,-7.125,5
CCN(CC)C(=O)Nc1ccc(OCC(O)CNC(C)(C)C)c(C(C)=O)c1,Celiprolol Hydrochloride,-6.785,1
CC(C)NCC(O)COc1ccc(CC(N)=O)cc1,Atenolol,-7.857,1
COCCc1ccc(OCC(O)CNC(C)C)cc1,Metoprolol,-6.637,2
C=CCOc1ccccc1OCC(O)CNC(C)C,Oxprenolol,-6.369,5
CC(C)NCC(O)COc1cccc2ccccc12,Propranolol,-6.306,0
OC[C@@H](O)[C@@H](O)[C@H](O)[C@H](O)CO,Mannitol,-7.81,0
OC[C@H]1O[C@H](OC[C@H]2O[C@H](O[C@]3(CO)O[C@H](CO)[C@@H](O)[C@@H]3O)[C@H](O)[C@@H](O)[C@@H]2O)[C@H](O)[C@@H](O)[C@H]1O,Raffinose,-8.208,6
OC[C@H]1O[C@@](CO)(O[C@H]2O[C@H](CO)[C@@H](O)[C@H](O)[C@H]2O)[C@@H](O)[C@@H]1O,Sucrose,-8.075,9
NC(N)=O,Urea,-7.317,2
CN1CCCC1c1cccnc1,Nicotine,-5.546,8
O=C(O)c1ccccc1O,Salicylic acid,-5.136,4
C[C@]12CC[C@H]3[C@@H](CCC4=CC(=O)CC[C@@]43C)[C@@H]1CC[C@@H]2O,Testosterone,-5.856,0
Oc1c(Cl)cc(Cl)cc1Cl,"2,4,6-Trichlorophenol",-4.783,4
Oc1ccc(Cl)cc1Cl,"2,4-Dichlorophenol",-4.778,1
Oc1ccccc1Cl,o-Chlorophenol,-5.037,6
Cc1ccccc1O,o-Cresol,-5.36,3
Cc1ccc(O)cc1C,"3,4-Xylenol",-5.0,6
Cc1cccc(O)c1,m-Cresol,-5.373,5
O=[N+]([O-])c1cccc(O)c1,m-Nitrophenol,-5.805,0
Oc1ccc(Br)cc1,p-Bromophenol,-4.999,1
Oc1ccc(Cl)cc1,p-Chlorophenol,-4.996,0
Cc1ccc(O)cc1,p-Cresol,-5.313,6
CCc1ccc(O)cc1,p-Ethylphenol,-5.014,0
O=[N+]([O-])c1ccc(O)cc1,p-Nitrophenol,-5.81,1
Oc1ccc2ccccc2c1,2-Naphthol,-5.111,7
Cc1c(O)cccc1Cl,Chlorocresol,-4.816,1
Cc1ccc(Cl)c(O)c1C,Chloroxylenol,-4.785,7
COC(=O)c1ccc(O)cc1,Methyl 4-hydroxybenzoate,-5.596,4
Oc1ccccc1,Phenol,-5.614,6
Oc1cccc(O)c1,Resorcinol,-7.176,3
Cc1ccc(C(C)C)c(O)c1,Thymol,-4.834,3
N#Cc1ccc(O)cc1,4-Cyanophenol,-5.731,0
COC(=O)c1ccc(O)cc1,Methyl 4-hydroxybenzoate,-5.634,4
COc1ccc2c3c1OC1C(O)C=CC4C(C2)N(C)CCC341,Codeine,-7.866,9
CCC(=O)N(c1ccccc1)C1CCN(CCc2ccccc2)CC1,Fentanyl,-5.808,2
CN1CC[C@]23c4c5ccc(O)c4O[C@H]2C(=O)CC[C@H]3[C@H]1C5,Hydromorphone,-8.38,7
CCOC(=O)C1(c2ccccc2)CCN(C)CC1,Meperidine,-5.988,9
CN1CC[C@]23c4c5ccc(O)c4O[C@H]2[C@@H](O)C=C[C@H]3[C@H]1C5,Morphine,-8.588,5
CCC(=O)N(c1ccccc1)C1(COC)CCN(CCc2cccs2)CC1,Sufentanil,-5.477,9
CCC(=O)N(c1ccccc1)C1CCN(CCc2ccccc2)CC1,Fentanyl,-5.503,2
CCC(=O)N(c1ccccc1)C1(COC)CCN(CCc2cccs2)CC1,Sufentanil,-5.374,9
CCCCOC(=O)c1ccc(N)cc1,Butyl p-aminobenzoate,-4.607,8
CCOC(=O)c1ccc(N)cc1,Ethyl p-aminobenzoate,-5.255,5
COC(=O)c1ccc(N)cc1,Methyl p-aminobenzoate,-5.195,4
CN1CC[C@]23c4c5ccc(O)c4O[C@H]2[C@@H](O)C=C[C@H]3[C@H]1C5,Morphine,-9.352,5
O=C(c1ccccc1)c1ccc2n1CCC2C(=O)O,Ketorolac,-5.799,6
CCCCO,1-Butanol,-6.158,4
CCO,Ethanol,-6.556,9
CCCCCCCO,1-Heptanol,-5.051,2
CCCCCCO,1-Hexanol,-5.442,7
CO,Methanol,-6.556,5
CCCCCCCCO,1-Octanol,-4.84,5
CCCCCO,1-Pentanol,-5.778,3
CCCO,1-Propanol,-6.41,7
CC(O)C(C)O,"2,3-Butanediol",-7.857,8
CCC(C)=O,Butan-2-one,-5.903,5
CCOCCO,2-Ethoxyethanol,-7.158,8
CCOCC,Diethyl ether,-5.352,3
CCCCO,1-Butanol,-6.079,4
CCCCCCCO,1-Heptanol,-4.981,2
CCCO,1-Propanol,-6.326,7
C[C@]12CCC(=O)C=C1CC[C@@H]1[C@@H]2[C@@H](O)C[C@]2(C=O)[C@@H](C(=O)CO)CC[C@@H]12,Aldosterone,-9.079,5
CC12CCC(=O)C=C1CCC1C2CCC2(C)C1CCC2(O)C(=O)CO,Cortexolone,-7.681,0
C[C@]12CC[C@H]3[C@@H](CCC4=CC(=O)CC[C@@]43C)[C@@H]1CC[C@@H]2C(=O)CO,Cortexone,-6.903,0
C[C@]12C[C@H](O)[C@H]3[C@@H](CCC4=CC(=O)CC[C@@]43C)[C@@H]1CC[C@@H]2C(=O)CO,Corticosterone,-7.778,6
C[C@]12CCC(=O)C=C1CC[C@@H]1[C@@H]2C(=O)C[C@@]2(C)[C@H]1CC[C@]2(O)C(=O)CO,Cortisone,-8.556,2
C[C@]12CC[C@@H]3c4ccc(O)cc4CC[C@H]3[C@@H]1CC[C@@H]2O,Estradiol,-7.079,1
C[C@]12CC[C@@H]3c4ccc(O)cc4CC[C@H]3[C@@H]1C[C@@H](O)[C@@H]2O,Estriol,-7.954,1
C[C@]12CC[C@@H]3c4ccc(O)cc4CC[C@H]3[C@@H]1CCC2=O,Estrone,-6.0,2
C[C@]12CCC(=O)C=C1CC[C@@H]1[C@@H]2[C@@H](O)C[C@@]2(C)[C@H]1CC[C@]2(O)C(=O)CO,Hydrocortisone,-9.079,3
CC(=O)[C@H]1CC[C@H]2[C@@H]3CC=C4CC(O)(O)CC[C@]4(C)[C@H]3CC[C@]12C,Hydroxypregnenolone,-6.778,8
CC(=O)[C@@]1(O)CC[C@H]2[C@@H]3CCC4=CC(=O)CC[C@]4(C)[C@H]3CC[C@@]21C,17-Hydroxyprogesterone,-6.778,9
CC(=O)[C@H]1CC[C@H]2[C@@H]3CC=C4C[C@@H](O)CC[C@]4(C)[C@H]3CC[C@]12C,Pregnenolone,-6.38,7
CC(=O)[C@H]1CC[C@H]2[C@@H]3CCC4=CC(=O)CC[C@]4(C)[C@H]3CC[C@]12C,Progesterone,-6.38,2
C[C@]12CC[C@H]3[C@@H](CCC4=CC(=O)CC[C@@]43C)[C@@H]1CC[C@@H]2O,Testosterone,-6.954,0
CCO,Ethanol,-3.653,9
CCCCCCCO,1-Heptanol,-2.051,2
CCCCCCO,1-Hexanol,-2.442,7
CO,Methanol,-3.857,5
CCCCCCCCCO,1-Nonanol,-1.778,1
CCCCCCCCO,1-Octanol,-1.84,5
CCCO,1-Propanol,-3.41,7
CCCCO,1-Butanol,-7.778,4
CCCCO,1-Butanol,-6.158,4
CCCCCCCCCCO,1-Decanol,-9.653,0
CCCCCCCCCCO,1-Decanol,-4.653,0
CCO,Ethanol,-6.699,9
CCO,Ethanol,-6.653,9
CCCCCCCO,1-Heptanol,-5.051,2
CCCCCCCO,1-Heptanol,-8.158,2
CCCCCCO,1-Hexanol,-5.442,7
CCCCCCO,1-Hexanol,-7.84,7
CO,Methanol,-5.539,5
CO,Methanol,-6.857,5
CCCCCCCCCO,1-Nonanol,-4.778,1
CCCCCCCCCO,1-Nonanol,-9.079,1
CCCCCCCCO,1-Octanol,-4.84,5
CCCCCCCCO,1-Octanol,-8.556,5
CCCCCO,1-Pentanol,-5.778,3
CCCCCO,1-Pentanol,-7.849,3
CCCO,1-Propanol,-6.477,7
CCCO,1-Propanol,-7.352,7
CCCCC(=O)OC1(C(=O)CO)C(C)CC2C3CCC4=CC(=O)C=CC4(C)C3(F)C(O)CC21C,Betamethasone-17-valerate,-6.496,4
C[C@]12C[C@H](O)[C@H]3[C@@H](CCC4=CC(=O)CC[C@@]43C)[C@@H]1CC[C@@H]2C(=O)CO,Corticosterone,-8.206,6
C[C@]12CCC(=O)C=C1CC[C@@H]1[C@@H]2[C@@H](O)C[C@@]2(C)[C@H]1CC[C@]2(O)C(=O)CO,Hydrocortisone,-9.106,3
C[C@]12C=CC(=O)C=C1CC[C@@H]1[C@@H]2[C@@H](O)C[C@@]2(C)[C@H]1CC[C@]2(O)C(=O)CO,Prednisolone,-7.906,9
C[C@]12CC[C@H]3[C@@H](CCC4=CC(=O)CC[C@@]43C)[C@@H]1CC[C@@H]2O,Testosterone,-6.626,0
C[C@]12C=CC(=O)C=C1CC[C@H]1[C@@H]3C[C@@H](O)[C@](O)(C(=O)CO)[C@@]3(C)C[C@H](O)[C@@]12F,Triamcinolone,-8.956,8
CC1(C)O[C@@H]2C[C@H]3[C@@H]4CCC5=CC(=O)C=C[C@]5(C)[C@@]4(F)[C@@H](O)C[C@]3(C)[C@]2(C(=O)CO)O1,Triamcinolone acetonide,-8.251,1
CC(C(=O)O)c1ccc(-c2ccccc2)c(F)c1,Flurbiprofen,-5.331,6
CC(C(=O)OC[C@H]1OC(O)[C@H](O)[C@@H](O)[C@@H]1O)c1ccc(-c2ccccc2)c(F)c1,Flurbiprofen glucoside,-6.477,2
CC(C(=O)OC[C@H]1OC(O)[C@@H](O)[C@@H](O)[C@@H]1O)c1ccc(-c2ccccc2)c(F)c1,Flurbiprofen mannoside,-6.935,4
CC(C)Cc1ccc(C(C)C(=O)O)cc1,Ibuprofen,-5.503,1
CC(C)Cc1ccc(C(C)C(=O)OC[C@H]2OC(O)[C@H](O)[C@@H](O)[C@@H]2O)cc1,Ibuprofen glucoside,-6.945,6
CC(C)Cc1ccc(C(C)C(=O)OC[C@H]2OC(O)[C@@H](O)[C@@H](O)[C@@H]2O)cc1,Ibuprofen mannoside,-6.548,7
CC(C(=O)O)c1cccc(C(=O)c2ccccc2)c1,Ketoprofen,-6.151,2
CC(C(=O)OC[C@H]1OC(O)[C@H](O)[C@@H](O)[C@@H]1O)c1cccc(C(=O)c2ccccc2)c1,Ketoprofen glucoside,-7.731,1
CC(C(=O)OC[C@H]1OC(O)[C@@H](O)[C@@H](O)[C@@H]1O)c1cccc(C(=O)c2ccccc2)c1,Ketoprofen mannoside,-7.594,3
COc1ccc2cc(C(C)C(=O)O)ccc2c1,Naproxen,-7.218,8
COc1ccc2cc([C@H](C)C(=O)OC[C@H]3OC(O)[C@H](O)[C@@H](O)[C@@H]3O)ccc2c1,Naproxen glucoside,-7.886,4
COc1ccc2cc([C@H](C)C(=O)OC[C@H]3OC(O)[C@@H](O)[C@@H](O)[C@@H]3O)ccc2c1,Naproxen mannoside,-7.7,5
NC(CC(=O)O)C(=O)O,Aspartic acid,-7.432,3
NC(CC(=O)O)C(=O)O,Aspartic acid,-7.585,3
N[C@@H](Cc1c[nH]cn1)C(=O)O,Histidine,-7.907,1
N[C@@H](Cc1c[nH]cn1)C(=O)O,Histidine,-7.812,1
N[C@@H](Cc1c[nH]cn1)C(=O)O,Histidine,-7.903,1
NCCCC[C@H](N)C(=O)O,Lysine,-7.328,1
NCCCC[C@H](N)C(=O)O,Lysine,-6.86,1
N#CC(Cl)Br,Bromochloroacetonitrile,-4.352,3
OC(O)C(Cl)(Cl)Cl,Chloral hydrate,-5.965,9
N#CCCl,Chloroacetonitrile,-4.561,1
N#CC(Br)Br,Dibromoacetonitrile,-4.326,5
N#CC(Cl)Cl,Dichloroacetonitrile,-4.38,2
N#CC(Cl)(Cl)Cl,Trichloroacetonitrile,-4.604,4
O=C(CCCN1CCC(O)(c2ccc(Cl)cc2)CC1)c1ccc(F)cc1,Haloperidol,-7.03,0
C[C@@H]1CC(=O)NN=C1c1ccc(NN=C(C#N)C#N)cc1,Levosimendan,-6.484,6
C[C@@H]1CC(=O)NN=C1c1ccc(NN=C(C#N)C#N)cc1,Levosimendan,-7.954,6
CCCCOCCOCCOC(C)=O,Diethylene glycol mono n-butyl ether acetate,-7.051,8
COC(C)COC(C)CO,Dipropylene glycol mono methyl ether,-7.653,4
CC(C)OCCO,Ethylene glycol mono isopropyl ether,-6.913,0
COCCOC(C)=O,Ethylene glycol mono methyl ether acetate,-6.299,3
CCCOCCO,2-Propoxyethanol,-6.543,6
CCCCOCCOCCOC(C)=O,Diethylene glycol mono n-butyl ether acetate,-7.778,8
COC(C)COC(C)CO,Dipropylene glycol mono methyl ether,-7.515,4
CC(C)OCCO,Ethylene glycol mono isopropyl ether,-7.125,0
COCCOC(C)=O,Ethylene glycol mono methyl ether acetate,-6.637,3
CCCOCCO,2-Propoxyethanol,-6.923,6
Nc1nc(=O)c2ncn(COCCO)c2[nH]1,Acyclovir,-7.079,3
COCC(C)O,1-Methoxy-2-Propanol,-6.397,0
CCCCOCCO,2-Butoxyethanol,-5.34,9
CCOCCO,2-Ethoxyethanol,-5.544,8
O=c1[nH]cc(F)c(=O)[nH]1,5-Fluorouracil,-7.574,2
C[C@]12CC[C@@H]3c4ccc(O)cc4CC[C@H]3[C@@H]1CC[C@@H]2O,Estradiol,-5.488,1
CC(=O)C(Cl)(Cl)Cl,"1,1,1-Trichloropropanone",-5.176,4
CC(=O)C(Cl)Cl,"1,1-Dichloropropanone",-4.923,3
O=C(O)CBr,Bromoacetic acid,-6.41,4
O=C(O)C(Cl)Br,Bromochloroacetic acid,-6.352,6
ClC(Cl)Br,Bromodichloromethane,-4.301,0
BrC(Br)Br,Bromoform,-4.234,1
O=C(O)CCl,Chloroacetic acid,-6.515,3
ClC(Br)Br,Chlorodibromomethane,-4.255,1
ClC(Cl)Cl,Chloroform,-4.352,9
O=C(O)C(Br)Br,Dibromoacetic acid,-6.141,8
O=C(O)C(Cl)Cl,Dichloroacetic acid,-6.278,5
O=C(O)C(Cl)(Cl)Cl,Trichloroacetic acid,-6.278,7
Oc1ccc2ccccc2c1,2-Naphthol,-4.757,7
CCCOc1ccc(O)cc1,4-Propoxyphenol,-5.38,4
Cc1ccc(C(C)C)cc1O,Carvacrol,-4.81,8
Cc1c(O)cccc1Cl,Chlorocresol,-5.0,1
Cc1ccc(Cl)c(O)c1C,Chloroxylenol,-4.651,7
COC(=O)c1ccc(O)cc1,Methyl 4-hydroxybenzoate,-5.632,4
COC(=O)c1ccccc1O,Methyl salicylate,-5.0,6
CC(C)(C)c1ccccc1O,o-t-Butylphenol,-4.685,0
CCCCc1ccc(O)cc1,p-n-Butylphenol,-4.671,6
Cc1ccc(C(C)C)c(O)c1,Thymol,-4.77,3
CCCCCCO,1-Hexanol,-4.859,7
CCCCCCO,1-Hexanol,-5.114,7
Nc1nc(=O)c2ncn(COCCO)c2[nH]1,Acyclovir,-7.778,3
CCCCC(=O)OC1(C(=O)CO)C(C)CC2C3CCC4=CC(=O)C=CC4(C)C3(F)C(O)CC21C,Betamethasone-17-valerate,-5.525,4
CC(C)(c1ccc(OCC2CO2)cc1)c1ccc(OCC2CO2)cc1,Bisphenol A diglycidyl ether,-9.875,8
Cc1cc(-c2cc(C)c(OCC3CO3)c(C)c2)cc(C)c1OCC1CO1,Epikote YX4000,-10.884,7
C(CCCOCC1CO1)CCOCC1CO1,"1,6-hexanediol diglycidyl ether",-7.423,7
CCCCCCCCCCCCOCC1CO1,1-Dodecyl glycidyl ether,-9.036,7
Cc1ccccc1OCC1CO1,o-Cresyl glycidyl ether,-7.588,2
Cn1c(=O)c2c(ncn2C)n(C)c1=O,Caffeine,-6.828,6
C[C@]12CC[C@H]3[C@@H](CCC4=CC(=O)CC[C@@]43C)[C@@H]1CC[C@@H]2O,Testosterone,-5.73,0
OC[C@@H](O)[C@@H](O)[C@H](O)[C@H](O)CO,Mannitol,-8.158,0
OC[C@@H](O)[C@@H](O)[C@H](O)[C@H](O)CO,Mannitol,-7.923,0
CCOP(=S)(OCC)Oc1nc(Cl)c(Cl)cc1Cl,Chlorpyrifos,-7.158,1
CN(C)C,Trimethylamine,-7.284,8
CCN(CC)CC(=O)Nc1c(C)cccc1C,Lidocaine,-7.021,6
CCN(CC)CC(=O)Nc1c(C)cccc1C,Lidocaine,-6.967,6
CCN(CC)CC(=O)Nc1c(C)cccc1C,Lidocaine,-5.707,6
CCN(CC)CC(=O)Nc1c(C)cccc1C,Lidocaine,-5.53,6
CCOCCO,2-Ethoxyethanol,-7.785,8
CCOCCO,2-Ethoxyethanol,-7.687,8
O=c1[nH]cc(F)c(=O)[nH]1,5-Fluorouracil,-8.015,2
OCCOc1ccccc1,2-phenoxyethanol,-6.43,8
C[C@]12CCC(=O)C=C1CC[C@@H]1[C@@H]2[C@@H](O)C[C@@]2(C)[C@H]1CC[C@]2(O)C(=O)CO,Hydrocortisone,-7.357,3
C[C@]12CCC(=O)C=C1CC[C@@H]1[C@@H]2[C@@H](O)C[C@@]2(C)[C@H]1CC[C@]2(O)C(=O)CO,Hydrocortisone,-7.357,3
C[C@]12CCC(=O)C=C1CC[C@@H]1[C@@H]2[C@@H](O)C[C@@]2(C)[C@H]1CC[C@]2(O)C(=O)CO,Hydrocortisone,-7.431,3
C[C@]12CCC(=O)C=C1CC[C@@H]1[C@@H]2[C@@H](O)C[C@@]2(C)[C@H]1CC[C@]2(O)C(=O)CO,Hydrocortisone,-7.681,3
C[C@]12CCC(=O)C=C1CC[C@@H]1[C@@H]2[C@@H](O)C[C@@]2(C)[C@H]1CC[C@]2(O)C(=O)CO,Hydrocortisone,-7.577,3
C[C@]12CC[C@H]3[C@@H](CCC4=CC(=O)CC[C@@]43C)[C@@H]1CC[C@@H]2O,Testosterone,-5.489,0
C[C@]12CC[C@H]3[C@@H](CCC4=CC(=O)CC[C@@]43C)[C@@H]1CC[C@@H]2O,Testosterone,-5.476,0
C[C@]12CC[C@H]3[C@@H](CCC4=CC(=O)CC[C@@]43C)[C@@H]1CC[C@@H]2O,Testosterone,-5.489,0
C[C@]12CC[C@H]3[C@@H](CCC4=CC(=O)CC[C@@]43C)[C@@H]1CC[C@@H]2O,Testosterone,-5.476,0
C[C@]12CC[C@H]3[C@@H](CCC4=CC(=O)CC[C@@]43C)[C@@H]1CC[C@@H]2O,Testosterone,-5.596,0
C[C@]12CC[C@H]3[C@@H](CCC4=CC(=O)CC[C@@]43C)[C@@H]1CC[C@@H]2O,Testosterone,-4.945,0
O=C(O)CNCP(=O)(O)O,Glyphosate,-6.894,2
CCOC(=O)CC(SP(=S)(OC)OC)C(=O)OCC,Malathion,-4.249,8
CCOP(=S)(OCC)Oc1ccc([N+](=O)[O-])cc1,Parathion,-7.28,2
CCCCCCO,1-Hexanol,-4.888,7
CCO,Ethanol,-6.352,9
CCCCO,1-Butanol,-5.816,4
CCCCCCCCCCO,1-Decanol,-6.41,0
CCCCCCO,1-Hexanol,-5.778,7
CCCCCCCCO,1-Octanol,-5.642,5
CCO,Ethanol,-5.214,9
CCCCO,1-Butanol,-5.193,4
CCCCCCCCCCO,1-Decanol,-5.832,0
CCCCCCO,1-Hexanol,-5.637,7
CCCCCCCCO,1-Octanol,-5.764,5
Nc1cc([N+](=O)[O-])ccc1O,2-Amino-4-Nitrophenol,-6.737,0
Nc1ccc(O)c([N+](=O)[O-])c1,4-Amino-2-Nitrophenol,-6.109,7
CCCCO,1-Butanol,-4.703,4
CCCCCCCCO,1-Octanol,-4.833,5
CCCCCCCCN1CCCC1=O,1-Octyl-2-Pyrrolidone,-4.81,2
CCCCCCCCN1CCCCCC1=O,1-Octyl-2-Azacycloheptanone,-4.674,1
CC(N)Cc1ccccc1,Amphetamine,-4.577,9
C[C@]12CC[C@@H]3c4ccc(O)cc4CC[C@H]3[C@@H]1CC[C@@H]2O,Estradiol,-4.815,1
C[C@@H]1O[C@@H](O[C@H]2C[C@@H](O)[C@]3(CO)C4C(CC[C@]3(O)C2)[C@@]2(O)CC[C@H](C3=CC(=O)OC3)[C@@]2(C)C[C@H]4O)[C@H](O)[C@H](O)[C@H]1O,Ouabain,-4.83,9
O=C(O)c1ccccc1Nc1cccc(C(F)(F)F)c1,Flufenamic acid,-6.201,3
O=C(O)c1ccccc1Nc1cccc(C(F)(F)F)c1,Flufenamic acid,-6.094,3
O=C(O)c1ccccc1Nc1cccc(C(F)(F)F)c1,Flufenamic acid,-6.111,3
C[C@H](N)C(=O)N[C@@H](Cc1c[nH]c2ccccc12)C(=O)O,L-alanyl-L-tryptophan,-8.637,4
CCCCOC(=O)c1ccc(N)cc1,Butyl p-aminobenzoate,-4.41,8
COC(=O)c1ccc(N)cc1,Methyl p-aminobenzoate,-5.012,4
CCCCCO,1-Pentanol,-2.778,3
CCCCO,1-Butanol,-6.556,4
CCCCO,1-Butanol,-5.079,4
CCO,Ethanol,-5.711,9
CCO,Ethanol,-5.012,9
CCCCCCCO,1-Heptanol,-5.158,2
CCCCCCCO,1-Heptanol,-7.711,2
CCCCCCO,1-Hexanol,-5.255,7
CCCCCCO,1-Hexanol,-7.012,7
CO,Methanol,-5.195,5
CO,Methanol,-4.832,5
CCCCCCCCO,1-Octanol,-5.141,5
CCCCCCCCO,1-Octanol,-8.255,5
CCCCCO,1-Pentanol,-5.176,3
CCCCCO,1-Pentanol,-6.653,3
CCCO,1-Propanol,-5.065,7
CCCO,1-Propanol,-6.301,7
CCC(=O)N(c1ccccc1)C1CCN(CCc2ccccc2)CC1,Fentanyl,-7.079,2
CCC(=O)N(c1ccccc1)C1CCN(CCc2ccccc2)CC1,Fentanyl,-6.442,2
CCC(=O)N(c1ccccc1)C1CCN(CCc2ccccc2)CC1,Fentanyl,-5.849,2
CCC(=O)N(c1ccccc1)C1CCN(CCc2ccccc2)CC1,Fentanyl,-5.705,2
CCC(=O)N(c1ccccc1)C1CCN(CCc2ccccc2)CC1,Fentanyl,-5.452,2
CCC(=O)N(c1ccccc1)C1CCN(CCc2ccccc2)CC1,Fentanyl,-5.206,2
CCC(=O)N(c1ccccc1)C1CCN(CCc2ccccc2)CC1,Fentanyl,-5.115,2
CCC(=O)N(c1ccccc1)C1CCN(CCc2ccccc2)CC1,Fentanyl,-5.013,2
CCC(=O)N(c1ccccc1)C1CCN(CCc2ccccc2)CC1,Fentanyl,-5.039,2
CCC(=O)N(c1ccccc1)C1(COC)CCN(CCc2cccs2)CC1,Sufentanil,-6.894,9
CCC(=O)N(c1ccccc1)C1(COC)CCN(CCc2cccs2)CC1,Sufentanil,-6.158,9
CCC(=O)N(c1ccccc1)C1(COC)CCN(CCc2cccs2)CC1,Sufentanil,-5.764,9
CCC(=O)N(c1ccccc1)C1(COC)CCN(CCc2cccs2)CC1,Sufentanil,-5.552,9
CCC(=O)N(c1ccccc1)C1(COC)CCN(CCc2cccs2)CC1,Sufentanil,-5.36,9
CCC(=O)N(c1ccccc1)C1(COC)CCN(CCc2cccs2)CC1,Sufentanil,-5.193,9
CCC(=O)N(c1ccccc1)C1(COC)CCN(CCc2cccs2)CC1,Sufentanil,-5.082,9
CCC(=O)N(c1ccccc1)C1(COC)CCN(CCc2cccs2)CC1,Sufentanil,-5.018,9
CCC(=O)N(c1ccccc1)C1(COC)CCN(CCc2cccs2)CC1,Sufentanil,-5.029,9
Cn1c(=O)c2c(ncn2C)n(C)c1=O,Caffeine,-7.145,6
O=C(O)c1ccccc1O,Salicylic acid,-6.216,4
C[C@]12CCC(=O)C=C1CC[C@@H]1[C@@H]2[C@@H](O)C[C@@]2(C)[C@H]1CC[C@]2(O)C(=O)CO,Hydrocortisone,-9.195,3
Clc1ccccc1C(c1ccccc1)(c1ccccc1)n1ccnc1,Clotrimazole,-9.255,6
CN(CC=CC#CC(C)(C)C)Cc1cccc2ccccc12,Terbinafine,-9.556,5
Oc1cc(Cl)ccc1Oc1ccc(Cl)cc1Cl,Triclosan,-7.269,9
C[C@]12CC[C@@H]3c4ccc(O)cc4CC[C@H]3[C@@H]1CC[C@@H]2O,Estradiol,-6.556,1
C[C@]12CC[C@@H]3c4ccc(O)cc4CC[C@H]3[C@@H]1CC[C@@H]2O,Estradiol,-5.556,1
ClC1C(Cl)C(Cl)C(Cl)C(Cl)C1Cl,Lindane,-8.784,4
ClC1C(Cl)C(Cl)C(Cl)C(Cl)C1Cl,Lindane,-6.691,4
ClC1C(Cl)C(Cl)C(Cl)C(Cl)C1Cl,Lindane,-7.109,4
ClC1C(Cl)C(Cl)C(Cl)C(Cl)C1Cl,Lindane,-7.887,4
COCCO,2-Methoxyethanol,-6.095,5
CCOCCO,2-Ethoxyethanol,-6.631,8
CCOCCOC(C)=O,2-Ethoxyethyl acetate,-6.649,2
CCCCOCCO,2-Butoxyethanol,-7.226,9
COCC(C)O,1-Methoxy-2-Propanol,-6.459,0
COCCOCCO,2-(2-Methoxyethoxy)ethanol,-7.242,4
CCOCCOCCO,2-(2-Ethoxyethoxy)ethanol,-7.436,4
CCCCOCCOCCO,Diethylene glycol monobutyl ether,-8.004,0
CCO,Ethanol,-7.055,9
OC[C@@H](O)[C@@H](O)[C@H](O)[C@H](O)CO,Mannitol,-7.771,0
C[n+]1ccc(-c2cc[n+](C)cc2)cc1,Paraquat,-8.617,9
Oc1ccc(O)cc1,Hydroquinone,-8.586,8
O=NN(CCO)CCO,n-Nitrosodiethanolamine,-5.944,5
O=C(NCCO[N+](=O)[O-])c1cccnc1,Nicorandil,-7.131,9
CO,Methanol,-6.352,5
CCCCCCCCO,1-Octanol,-4.771,5
Cn1c(=O)c2c(ncn2C)n(C)c1=O,Caffeine,-6.352,6
CN(Cc1cnc2nc(N)nc(N)c2n1)c1ccc(C(=O)N[C@@H](CCC(=O)O)C(=O)O)cc1,Methotrexate,-7.007,1
CN(Cc1cnc2nc(N)nc(N)c2n1)c1ccc(C(=O)N[C@@H](CCC(=O)O)C(=O)O)cc1,Methotrexate,-7.503,1
CN(Cc1cnc2nc(N)nc(N)c2n1)c1ccc(C(=O)N[C@@H](CCC(=O)O)C(=O)O)cc1,Methotrexate,-7.209,1
CN(Cc1cnc2nc(N)nc(N)c2n1)c1ccc(C(=O)N[C@@H](CCC(=O)O)C(=O)O)cc1,Methotrexate,-6.613,1
CN(Cc1cnc2nc(N)nc(N)c2n1)c1ccc(C(=O)N[C@@H](CCC(=O)O)C(=O)O)cc1,Methotrexate,-6.807,1
CN(Cc1cnc2nc(N)nc(N)c2n1)c1ccc(C(=O)N[C@@H](CCC(=O)O)C(=O)O)cc1,Methotrexate,-6.503,1
CN(Cc1cnc2nc(N)nc(N)c2n1)c1ccc(C(=O)N[C@@H](CCC(=O)O)C(=O)O)cc1,Methotrexate,-6.84,1
Oc1ccccc1-c1ccccc1,2-Phenylphenol,-6.355,5
Oc1ccccc1-c1ccccc1,2-Phenylphenol,-5.294,5
COC(=O)c1ccccc1C(=O)OC,Dimethyl Phthalate,-8.035,2
CCOC(=O)c1ccccc1C(=O)OCC,Diethyl Phthalate,-8.499,4
CCCCOC(=O)c1ccccc1C(=O)OCCCC,Dibutyl Phthalate,-9.195,9
CCCCC(CC)COC(=O)c1ccccc1C(=O)OCC(CC)CCCC,Bis(2-ethylhexyl)phthalate,-8.8,3
CCCC(C)(O)C1CC23C=CC1(OC)C1Oc4c(O)ccc5c4C12CCN(C)C3C5,Etorphine,-6.0,6
CCN(CC)C(=O)c1cccc(C)c1,"N,N-Diethyl-m-toluamide",-6.792,8
CCN(CC)C(=O)c1cccc(C)c1,"N,N-Diethyl-m-toluamide",-6.78,8
CCN(CC)C(=O)c1cccc(C)c1,"N,N-Diethyl-m-toluamide",-7.392,8
CCN(CC)C(=O)c1cccc(C)c1,"N,N-Diethyl-m-toluamide",-7.561,8
CCN(CC)C(=O)c1cccc(C)c1,"N,N-Diethyl-m-toluamide",-7.477,8
CCN(CC)C(=O)c1cccc(C)c1,"N,N-Diethyl-m-toluamide",-7.535,8
CCN(CC)C(=O)c1cccc(C)c1,"N,N-Diethyl-m-toluamide",-7.699,8
CCN(CC)C(=O)c1cccc(C)c1,"N,N-Diethyl-m-toluamide",-7.474,8
CCN(CC)C(=O)c1cccc(C)c1,"N,N-Diethyl-m-toluamide",-6.446,8
CCN(CC)C(=O)c1cccc(C)c1,"N,N-Diethyl-m-toluamide",-6.954,8
CCN(CC)C(=O)c1cccc(C)c1,"N,N-Diethyl-m-toluamide",-7.158,8
CCN(CC)C(=O)c1cccc(C)c1,"N,N-Diethyl-m-toluamide",-8.352,8
Cn1c(=O)c2c(ncn2C)n(C)c1=O,Caffeine,-6.541,6
Cn1c(=O)c2c(ncn2C)n(C)c1=O,Caffeine,-6.915,6
C[C@]12CC[C@H]3[C@@H](CCC4=CC(=O)CC[C@@]43C)[C@@H]1CC[C@@H]2O,Testosterone,-6.898,0
C[C@]12CC[C@H]3[C@@H](CCC4=CC(=O)CC[C@@]43C)[C@@H]1CC[C@@H]2O,Testosterone,-7.903,0
CCCCOC(C)O,Butoxyethanol,-5.982,7
CCCCOC(C)O,Butoxyethanol,-6.364,7
CNC(=O)Oc1ccccc1OC(C)C,Propoxur,-6.324,7
CNC(=O)Oc1ccccc1OC(C)C,Propoxur,-5.878,7
CNC(=O)Oc1ccccc1OC(C)C,Propoxur,-5.797,7
CNC(=O)Oc1ccccc1OC(C)C,Propoxur,-5.912,7
Nc1ccc(Cc2ccc(N)cc2)cc1,"4,4'-Methylenedianiline",-6.219,4
CCOCCO,2-Ethoxyethanol,-5.647,8
CCOCCO,2-Ethoxyethanol,-5.63,8
CCOCCO,2-Ethoxyethanol,-5.545,8
CC(C)NCC(O)COc1cccc2ccccc12,Propranolol-HCl,-4.705,0
COc1cc2nc(N3CCN(C(=O)c4ccco4)CC3)nc(N)c2cc1OC,Prazosin hydrochloride,-5.711,1
N=c1nc(N2CCCCC2)cc(N)n1O,Minoxidil,-5.477,9
CC(C)NCC(O)COc1ccc(CC(N)=O)cc1,Atenolol,-4.764,1
O=[N+]([O-])c1ccc(Cl)c([N+](=O)[O-])c1,"2,4-Dinitrochlorobenzene",-5.102,5
O=[N+]([O-])c1ccc(Cl)c([N+](=O)[O-])c1,"2,4-Dinitrochlorobenzene",-5.056,5
Cc1cc(N)ccc1N,"2,5-Diaminotoluene",-6.038,0
Cc1cc(N)ccc1N,"2,5-Diaminotoluene",-6.125,0
CC(=O)Nc1ccc2c(c1)Cc1ccccc1-2,2-(Acetylamino)fluorene,-4.726,8
CC(=O)Nc1ccc2c(c1)Cc1ccccc1-2,2-(Acetylamino)fluorene,-4.664,8
C=CC(=O)OCC(CC)CCCC,2-Ethylhexyl acrylate,-5.072,1
C=CC(=O)OCC(CC)CCCC,2-Ethylhexyl acrylate,-5.381,1
Nc1ccc(N)c([N+](=O)[O-])c1,2-Nitro-p-phenylenediamine,-5.659,8
Nc1ccc(N)c([N+](=O)[O-])c1,2-Nitro-p-phenylenediamine,-5.829,8
Cn1c(N)nc2c3cccnc3ccc21,"3-Methyl-3H-imidazo[4,5-f]quinolin-2-amine",-6.016,4
Cn1c(N)nc2c3cccnc3ccc21,"3-Methyl-3H-imidazo[4,5-f]quinolin-2-amine",-5.987,4
Nc1ccc(O)cc1[N+](=O)[O-],4-Amino-3-nitrophenol,-5.693,5
Nc1ccc(O)cc1[N+](=O)[O-],4-Amino-3-nitrophenol,-5.823,5
O=C=Nc1ccc(Br)cc1,4-Bromophenyl isocyanate,-5.601,7
O=C=Nc1ccc(Br)cc1,4-Bromophenyl isocyanate,-5.308,7
O=C(O)CCCCl,4-Chlorobutyric acid,-5.527,1
O=C(O)CCCCl,4-Chlorobutyric acid,-5.509,1
CC(C)CCC(=O)O,4-Methylvaleric acid,-6.136,2
CC(C)CCC(=O)O,4-Methylvaleric acid,-6.358,2
Nc1ccc([N+](=O)[O-])cc1N,4-Nitro-o-phenylenediamine,-5.718,4
Nc1ccc([N+](=O)[O-])cc1N,4-Nitro-o-phenylenediamine,-5.684,4
Cc1ccc2oc(=O)ccc2c1,6-Methylcoumarin,-4.85,5
Cc1ccc2oc(=O)ccc2c1,6-Methylcoumarin,-4.888,5
CCOc1ccc2ccc(=O)oc2c1,7-Ethoxycoumarin,-4.065,1
CCOc1ccc2ccc(=O)oc2c1,7-Ethoxycoumarin,-4.475,1
CC(C)[C@H](NC(=O)[C@@H]1CCCN1C(=O)[C@H](C)NC(=O)[C@H](C)N)C(=O)O,AAPV,-7.38,4
CC(=O)c1ccccc1,Acetophenone,-5.133,5
CC(=O)c1ccccc1,Acetophenone,-5.116,5
COc1cc2c(c3oc(=O)c4c(c13)CCC4=O)[C@@H]1C=CO[C@@H]1O2,Aflatoxin B1,-7.231,0
COc1cc2c(c3oc(=O)c4c(c13)CCC4=O)[C@@H]1C=CO[C@@H]1O2,Aflatoxin B1,-7.232,0
Cc1c(N(C)C)c(=O)n(-c2ccccc2)n1C,Aminopyrine,-6.481,8
COc1ccccc1N=Nc1c(O)ccc2ccc([N+](C)(C)C)cc12,Basic Red 76 (chloride salt),-6.61,7
COc1ccccc1N=Nc1c(O)ccc2ccc([N+](C)(C)C)cc12,Basic Red 76 (chloride salt),-6.328,7
c1ccccc1,Benzene,-3.745,3
O=C(O)c1ccccc1,Benzoic acid,-6.038,5
O=C(O)c1ccccc1,Benzoic acid,-5.933,5
O=C(O)c1ccccc1,Benzoic acid,-5.023,5
O=C(O)c1ccccc1,Benzoic acid,-4.981,5
O=C(c1ccccc1)c1ccccc1,Benzophenone,-3.3,9
O=C(c1ccccc1)c1ccccc1,Benzophenone,-3.569,9
BrCc1ccccc1,Benzyl bromide,-5.222,3
BrCc1ccccc1,Benzyl bromide,-5.448,3
CC(=O)/C=C/c1ccccc1,Benzylideneacetone,-4.894,9
CC(=O)/C=C/c1ccccc1,Benzylideneacetone,-4.675,9
CC(C)(c1ccc(O)cc1)c1ccc(O)cc1,Bisphenol A,-7.588,4
CC(C)(c1ccc(O)cc1)c1ccc(O)cc1,Bisphenol A,-7.889,4
O=S(=O)(c1ccc(O)cc1)c1ccc(O)cc1,Bisphenol S,-9.745,4
O=S(=O)(c1ccc(O)cc1)c1ccc(O)cc1,Bisphenol S,-9.141,4
O=S(=O)(c1ccc(O)cc1)c1ccc(O)cc1,Bisphenol S,-8.131,4
CCCCCC[C@@H](N)C(=O)N(C)[C@@H](C)C(=O)N[C@@H](C)C(=O)N1CCC[C@H]1C(=O)N[C@H](C(=O)O)C(C)C,C6(D)-Laa-AAPV,-6.675,1
CCCCCC[C@H](N)C(=O)N(C)[C@@H](C)C(=O)N[C@@H](C)C(=O)N1CCC[C@H]1C(=O)N[C@H](C(=O)O)C(C)C,C6(L)-Laa-AAPV,-7.352,0
CCCCCCCC[C@@H](N)C(=O)N(C)[C@@H](C)C(=O)N[C@@H](C)C(=O)N1CCC[C@H]1C(=O)N[C@H](C(=O)O)C(C)C,C8(D)-Laa-AAPV,-5.278,5
CCCCCCCCC(N)C(=O)N(C)[C@@H](C)C(=O)N[C@@H](C)C(=O)N1CCC[C@H]1C(=O)N[C@H](C(=O)O)C(C)C,"C8(D,L)-Laa-AAPV",-6.038,0
CCCCCCCC[C@H](N)C(=O)N(C)[C@@H](C)C(=O)N[C@@H](C)C(=O)N1CCC[C@H]1C(=O)N[C@H](C(=O)O)C(C)C,C8(L)-Laa-AAPV,-6.903,4
CCCCCCCCCCC(N)C(=O)N(C)[C@@H](C)C(=O)N[C@@H](C)C(=O)N1CCC[C@H]1C(=O)N[C@H](C(=O)O)C(C)C,"C10(D,L)-Laa-AAPV",-6.094,8
Cn1c(=O)c2c(ncn2C)n(C)c1=O,Caffeine,-7.232,6
Cn1c(=O)c2c(ncn2C)n(C)c1=O,Caffeine,-7.372,6
Cn1c(=O)c2c(ncn2C)n(C)c1=O,Caffeine,-7.246,6
Cn1c(=O)c2c(ncn2C)n(C)c1=O,Caffeine,-6.745,6
Cn1c(=O)c2c(ncn2C)n(C)c1=O,Caffeine,-4.298,6
Cn1c(=O)c2c(ncn2C)n(C)c1=O,Caffeine,-6.163,6
O=C(O)CN(CC(=O)O)Cc1cc2c(cc1O)Oc1cc(O)c(CN(CC(=O)O)CC(=O)O)cc1C21OC(=O)c2ccccc21,Calcein,-7.616,5
O=C(O)CN(CC(=O)O)Cc1cc2c(cc1O)Oc1cc(O)c(CN(CC(=O)O)CC(=O)O)cc1C21OC(=O)c2ccccc21,Calcein,-8.652,5
O=C(O)CN(CC(=O)O)Cc1cc2c(cc1O)Oc1cc(O)c(CN(CC(=O)O)CC(=O)O)cc1C21OC(=O)c2ccccc21,Calcein,-8.046,5
COC(=O)Nc1nc2ccccc2[nH]1,Carbendazim,-6.025,7
CN(C)CCCN1c2ccccc2Sc2ccc(Cl)cc21,Chlorpromazine hydrochloride,-7.899,6
OC/C=C/c1ccccc1,Cinnamyl alcohol,-5.023,3
OC/C=C/c1ccccc1,Cinnamyl alcohol,-5.035,3
CC1=C2C(=CO[C@H](C)[C@H]2C)C(=O)C(C(=O)O)=C1O,Citrinin,-6.887,7
CC1=C2C(=CO[C@H](C)[C@H]2C)C(=O)C(C(=O)O)=C1O,Citrinin,-6.887,7
Clc1cccc(Cl)c1NC1=NCCN1,Clonidine hydrochloride,-8.117,7
COc1ccc2c3c1OC1C(O)C=CC4C(C2)N(C)CCC341,Codeine,-6.762170966,9
O=P1(N(CCCl)CCCl)NCCCO1,Cyclophosphamide monohydrate,-6.375,6
O=P1(N(CCCl)CCCl)NCCCO1,Cyclophosphamide monohydrate,-6.094,6
COP(=O)(OC)OC=C(Cl)Cl,Dichlorvos,-4.436,7
COP(=O)(OC)OC=C(Cl)Cl,Dichlorvos,-5.816,7
COP(=O)(OC)OC=C(Cl)Cl,Dichlorvos,-5.944,7
COP(=O)(OC)OC=C(Cl)Cl,Dichlorvos,-3.431,7
COP(=O)(OC)OC=C(Cl)Cl,Dichlorvos,-4.716,7
COP(=O)(OC)OC=C(Cl)Cl,Dichlorvos,-4.515,7
CCOC(=O)/C=C\C(=O)OCC,Diethyl maleate,-5.068,6
CCOC(=O)/C=C\C(=O)OCC,Diethyl maleate,-5.142,6
CCOC(=O)c1ccccc1C(=O)OCC,Diethyl phthalate,-5.242,4
CCCCOCCOCCO,Diethylene glycol monobutyl ether,-5.727,0
CCCCOCCOCCO,Diethylene glycol monobutyl ether,-5.723,0
COc1ccc2c3c1O[C@H]1[C@@H](O)CC[C@H]4[C@@H](C2)N(C)CC[C@@]341,Dihydrocodeine,-6.190685426,6
CN1CC[C@]23c4c5ccc(O)c4O[C@H]2[C@@H](O)CC[C@H]3[C@H]1C5,Dihydromorphine,-7.722811771,3
COC(=O)c1ccccc1C(=O)OC,Dimethyl phthalate,-5.153,2
COC(=O)c1ccccc1C(=O)OC,Dimethyl phthalate,-5.204,2
NCCO,Ethanolamine,-7.14,5
CCOC(=O)c1ccc(N)cc1,Ethyl p-aminobenzoate,-4.697,5
CCOC(=O)c1ccc(O)cc1,Ethylparaben,-5.413,7
C=CCc1ccc(O)c(OC)c1,Eugenol,-5.182,0
C=CCc1ccc(O)c(OC)c1,Eugenol,-5.112,0
CCC(=O)N(c1ccccc1)C1CCN(CCc2ccccc2)CC1,Fentanyl,-8.8,2
CCC(=O)N(c1ccccc1)C1CCN(CCc2ccccc2)CC1,Fentanyl,-9.065,2
CCC(=O)N(c1ccccc1)C1CCN(CCc2ccccc2)CC1,Fentanyl,-9.477,2
CCCC[C@@H](C)[C@@H](OC(=O)C[C@@H](CC(=O)O)C(=O)O)[C@H](C[C@@H](C)C[C@H](O)CCCC[C@@H](O)C[C@H](O)[C@H](C)N)OC(=O)C[C@@H](CC(=O)O)C(=O)O,Fumonisin B1,-9.046,7
CCCC[C@@H](C)[C@@H](OC(=O)C[C@@H](CC(=O)O)C(=O)O)[C@H](C[C@@H](C)C[C@H](O)CCCC[C@@H](O)C[C@H](O)[C@H](C)N)OC(=O)C[C@@H](CC(=O)O)C(=O)O,Fumonisin B1,-9.051,7
CC(C)=CCC/C(C)=C/CO,Geraniol,-4.963,3
CC(C)=CCC/C(C)=C/CO,Geraniol,-4.57,3
Nc1ccc(NCCO)c([N+](=O)[O-])c1,HC Red No. 3,-6.075,8
Nc1ccc(NCCO)c([N+](=O)[O-])c1,HC Red No. 3,-5.879,8
COc1ccc2c3c1O[C@H]1C(=O)CC[C@H]4[C@@H](C2)N(C)CC[C@]314,Hydrocodone,-6.456,7
C[C@]12CCC(=O)C=C1CC[C@@H]1[C@@H]2[C@@H](O)C[C@@]2(C)[C@H]1CC[C@]2(O)C(=O)CO,Hydrocortisone,-8.857,3
C[C@]12CCC(=O)C=C1CC[C@@H]1[C@@H]2[C@@H](O)C[C@@]2(C)[C@H]1CC[C@]2(O)C(=O)CO,Hydrocortisone,-6.332,3
C[C@]12CCC(=O)C=C1CC[C@@H]1[C@@H]2[C@@H](O)C[C@@]2(C)[C@H]1CC[C@]2(O)C(=O)CO,Hydrocortisone,-6.238,3
C[C@]12CCC(=O)C=C1CC[C@@H]1[C@@H]2[C@@H](O)C[C@@]2(C)[C@H]1CC[C@]2(O)C(=O)CO,Hydrocortisone,-8.214,3
CN1CC[C@]23c4c5ccc(O)c4O[C@H]2C(=O)CC[C@H]3[C@H]1C5,Hydromorphone,-8.004117488,7
CC(C)Cc1ccc(C(C)C(=O)O)cc1,Ibuprofen,-6.244,1
CC(C)Cc1ccc(C(C)C(=O)O)cc1,Ibuprofen,-6.217,1
CC(C)Cc1ccc(C(C)C(=O)O)cc1,Ibuprofen,-5.716,1
CC(C)Cc1ccc(C(C)C(=O)O)cc1,Ibuprofen,-5.808,1
C/C=C/c1ccc(O)c(OC)c1,Isoeugenol,-5.265,2
C/C=C/c1ccc(O)c(OC)c1,Isoeugenol,-4.969,2
O=[N+]([O-])O[C@@H]1CO[C@H]2[C@@H]1OC[C@@H]2O,Isosorbide 5-mononitrate,-6.959,3
O=[N+]([O-])O[C@H]1CO[C@H]2[C@@H]1OC[C@H]2O[N+](=O)[O-],Isosorbide dinitrate,-5.503,2
CC(C(=O)O)c1cccc(C(=O)c2ccccc2)c1,Ketoprofen,-7.176,2
CCN(CC)CC(=O)Nc1c(C)cccc1C,Lidocaine hydrochloride monohydrate,-7.301,6
CCN(CC)CC(=O)Nc1c(C)cccc1C,Lidocaine hydrochloride monohydrate,-6.854,6
COS(C)(=O)=O,Methyl methanesulfonate,-5.587,2
COS(C)(=O)=O,Methyl methanesulfonate,-5.624,2
COC(=O)c1ccc(N)cc1,Methyl p-aminobenzoate,-4.735,4
COC(=O)c1ccc(O)cc1,Methylparaben,-5.604,4
COC(=O)c1ccc(O)cc1,Methylparaben,-4.981,4
COC(=O)c1ccc(O)cc1,Methylparaben,-5.059,4
Clc1ccc(COC(Cn2ccnc2)c2ccc(Cl)cc2Cl)c(Cl)c1,Miconazole,-3.858,8
CN1CC[C@]23c4c5ccc(O)c4O[C@H]2[C@@H](O)C=C[C@H]3[C@H]1C5,Morphine,-7.419930646,5
c1ccc2ccccc2c1,Naphthalene,-5.608,4
c1ccc2ccccc2c1,Naphthalene,-5.339,4
NC(=O)c1cccnc1,Niacinamide,-8.908,9
NC(=O)c1cccnc1,Niacinamide,-9.202,9
NC(=O)c1cccnc1,Niacinamide,-6.602,9
NC(=O)c1cccnc1,Niacinamide,-6.273,9
CN1CCCC1c1cccnc1,Nicotine,-7.318,8
CN1CCCC1c1cccnc1,Nicotine,-5.822,8
CN1CCCC1c1cccnc1,Nicotine,-7.339,8
O=[N+]([O-])c1ccccc1,Nitrobenzene,-4.851,4
O=[N+]([O-])c1ccccc1,Nitrobenzene,-4.8,4
C[C@@H]1Cc2c(Cl)cc(C(=O)N[C@@H](Cc3ccccc3)C(=O)O)c(O)c2C(=O)O1,Ochratoxin A,-6.642,5
C[C@@H]1Cc2c(Cl)cc(C(=O)N[C@@H](Cc3ccccc3)C(=O)O)c(O)c2C(=O)O1,Ochratoxin A,-6.642,5
COc1ccc2c3c1O[C@H]1C(=O)CC[C@@]4(O)[C@@H](C2)N(C)CC[C@]314,Oxycodone,-6.59002208,8
CN1CC[C@]23c4c5ccc(O)c4O[C@H]2C(=O)CC[C@@]3(O)[C@H]1C5,Oxymorphone,-7.733111659,4
COc1ccc(Cc2nccc3cc(OC)c(OC)cc23)cc1OC,Papaverine hydrochloride,-6.604,0
CCCCC/C=C/C=C/C(=O)NCC(C)C,Pellitorine,-7.516,3
CCCCC/C=C/C=C/C(=O)NCC(C)C,Pellitorine,-7.516,3
O=C(O)C(F)(F)C(F)(F)C(F)(F)C(F)(F)C(F)(F)C(F)(F)C(F)(F)F,Perfluorooctanoic acid,-4.816,6
O=C(O)C(F)(F)C(F)(F)C(F)(F)C(F)(F)C(F)(F)C(F)(F)C(F)(F)F,Perfluorooctanoic acid,-7.913,6
O=C(O)C(F)(F)C(F)(F)C(F)(F)C(F)(F)C(F)(F)C(F)(F)C(F)(F)F,Perfluorooctanoic acid,-7.793,6
CC(C(=O)O)c1ccc2c(c1)Cc1cccnc1O2,Pranoprofen,-6.973,5
CC(=O)[C@H]1CC[C@H]2[C@@H]3CCC4=CC(=O)CC[C@]4(C)[C@H]3CC[C@]12C,Progesterone,-7.741,2
COCC(C)O,Propylene glycol monomethyl ether,-7.571,0
CCCCOCC(C)O,Propylene glycol n-butyl ether,-8.16,7
CCCOC(=O)c1ccc(O)cc1,Propylparaben,-5.44,1
CCCOC(=O)c1ccc(O)cc1,Propylparaben,-4.747,1
CCCOC(=O)c1ccc(O)cc1,Propylparaben,-4.759,1
Oc1cccc(O)c1,Resorcinol,-5.836,3
Oc1cccc(O)c1,Resorcinol,-5.913,3
CCNc1nc(Cl)nc(NCC)n1,Simazine,-5.875,0
CC(=O)OC[C@]12C[C@H](OC(=O)CC(C)C)C(C)=C[C@H]1O[C@@H]1[C@H](O)[C@@H](OC(C)=O)[C@@]2(C)[C@]12CO2,T-2 toxin,-7.773,6
CC(=O)OC[C@]12C[C@H](OC(=O)CC(C)C)C(C)=C[C@H]1O[C@@H]1[C@H](O)[C@@H](OC(C)=O)[C@@]2(C)[C@]12CO2,T-2 toxin,-7.771,6
C[C@]12CC[C@H]3[C@@H](CCC4=CC(=O)CC[C@@]43C)[C@@H]1CC[C@@H]2O,Testosterone,-6.963,0
C[C@]12CC[C@H]3[C@@H](CCC4=CC(=O)CC[C@@]43C)[C@@H]1CC[C@@H]2O,Testosterone,-4.98,0
C[C@]12CC[C@H]3[C@@H](CCC4=CC(=O)CC[C@@]43C)[C@@H]1CC[C@@H]2O,Testosterone,-4.972,0
CC(C)(c1cc(Br)c(O)c(Br)c1)c1cc(Br)c(O)c(Br)c1,Tetrabromobisphenol A,-6.145,9
CN(C)C(=S)SSC(=S)N(C)C,Tetramethyl thiuram disulfide,-5.366,0
CN(C)C(=S)SSC(=S)N(C)C,Tetramethyl thiuram disulfide,-5.447,0
Cn1c(=O)c2[nH]cnc2n(C)c1=O,Theophylline,-8.234,2
Cn1c(=O)c2[nH]cnc2n(C)c1=O,Theophylline,-8.065,2
Cn1c(=O)c2[nH]cnc2n(C)c1=O,Theophylline,-6.894,2
O=C(O)CS,Thioglycolic acid,-5.188,0
O=C(O)CS,Thioglycolic acid,-5.245,0
CC1=CC(=O)C(C(C)C)=CC1=O,Thymoquinone,-6.459,9
CC1=CC(=O)C(C(C)C)=CC1=O,Thymoquinone,-6.602,9
CC1=CC(=O)C(C(C)C)=CC1=O,Thymoquinone,-5.813,9
Oc1cc(Cl)ccc1Oc1ccc(Cl)cc1Cl,Triclosan,-5.039,9
Oc1cc(Cl)ccc1Oc1ccc(Cl)cc1Cl,Triclosan,-4.114,9
COc1cc(C=O)ccc1O,Vanillin,-5.608,1
COc1cc(C=O)ccc1O,Vanillin,-5.803,1
C[C@H]1CCCC(=O)CCC/C=C/c2cc(O)cc(O)c2C(=O)O1,Zearalenone,-7.188,3
C[C@H]1CCCC(=O)CCC/C=C/c2cc(O)cc(O)c2C(=O)O1,Zearalenone,-7.189,3
CCCCOC(=O)c1ccc(N)cc1,n-Butyl p-aminobenzoate,-4.697,8
CCCCOC(=O)c1ccc(O)cc1,n-Butylparaben,-5.451,0
CCCOC(=O)c1ccc(N)cc1,n-Propyl p-aminobenzoate,-4.652,5
Nc1ccc(O)cc1,p-Aminophenol,-5.731,6
Nc1ccc(O)cc1,p-Aminophenol,-4.443,6
Nc1ccc(Cl)cc1,p-Chloroaniline,-4.995,9
Nc1ccc(Cl)cc1,p-Chloroaniline,-5.004,9
Nc1ccc(N)cc1,p-Phenylenediamine,-6.373,7
Nc1ccc(N)cc1,p-Phenylenediamine,-6.305,7
Cc1ccc(C#N)cc1,p-Tolunitrile,-5.178,9
Cc1ccc(C#N)cc1,p-Tolunitrile,-5.067,9
O=C/C=C/c1ccccc1,trans-Cinnamaldehyde,-5.092,8
O=C/C=C/c1ccccc1,trans-Cinnamaldehyde,-4.941,8
O=C(O)/C=C/c1ccccc1,trans-Cinnamic acid,-6.032,2
O=C(O)/C=C/c1ccccc1,trans-Cinnamic acid,-5.874,2
Br[C@@H]1CC[C@H](Br)[C@H](Br)CC[C@@H](Br)[C@@H](Br)CC[C@H]1Br,α-Hexabromocyclododecane,-7.222,8
Br[C@@H]1CC[C@@H](Br)[C@@H](Br)CC[C@@H](Br)[C@@H](Br)CC[C@H]1Br,β-Hexabromocyclododecane,-7.389,0
Br[C@@H]1CC[C@@H](Br)[C@@H](Br)CC[C@H](Br)[C@H](Br)CC[C@H]1Br,γ-Hexabromocyclododecane,-7.42,9
