csmiles,name,split
BrC(Br)Br,Bromoform,held-out
BrCc1ccccc1,Benzyl bromide,training
Br[C@@H]1CC[C@@H](Br)[C@@H](Br)CC[C@@H](Br)[C@@H](Br)CC[C@H]1Br,β-Hexabromocyclododecane,held-out
Br[C@@H]1CC[C@@H](Br)[C@@H](Br)CC[C@H](Br)[C@H](Br)CC[C@H]1Br,γ-Hexabromocyclododecane,training
Br[C@@H]1CC[C@H](Br)[C@H](Br)CC[C@@H](Br)[C@@H](Br)CC[C@H]1Br,α-Hexabromocyclododecane,training
C(CCCOCC1CO1)CCOCC1CO1,"1,6-hexanediol diglycidyl ether",training
C/C=C/c1ccc(O)c(OC)c1,Isoeugenol,training
C=C(CC)C(=O)c1ccc(OCC(=O)O)c(Cl)c1Cl,Ethacrynic acid,training
C=CC(=O)OCC(CC)CCCC,2-Ethylhexyl acrylate,held-out
C=CCOc1ccccc1OCC(O)CNC(C)C,Oxprenolol,held-out
C=CCc1ccc(O)c(OC)c1,Eugenol,training
CC(=O)/C=C/c1ccccc1,Benzylideneacetone,training
CC(=O)C(Cl)(Cl)Cl,"1,1,1-Trichloropropanone",held-out
CC(=O)C(Cl)Cl,"1,1-Dichloropropanone",training
CC(=O)Nc1ccc2c(c1)Cc1ccccc1-2,2-(Acetylamino)fluorene,held-out
CC(=O)Nc1ccn([C@@H]2O[C@H](CO)[C@H](O)[C@@H]2O)c(=O)n1,"N4-acetyl-4-amino-1-[(2R,3S,4R,5R)-3,4-dihydroxy-5 (hydroxymethyl)oxolan-2-yl] pyrimidin-2-one",training
CC(=O)O,Acetic acid,training
CC(=O)OCC(=O)[C@@]12OC(C)(C)O[C@@H]1C[C@H]1[C@@H]3C[C@H](F)C4=CC(=O)C=C[C@]4(C)[C@@]3(F)[C@@H](O)C[C@@]12C,Fluocinonide,held-out
CC(=O)OC[C@]12C[C@H](OC(=O)CC(C)C)C(C)=C[C@H]1O[C@@H]1[C@H](O)[C@@H](OC(C)=O)[C@@]2(C)[C@]12CO2,T-2 toxin,training
CC(=O)Oc1ccccc1C(=O)O,Acetylsalicylic Acid,training
CC(=O)[C@@]1(O)CC[C@H]2[C@@H]3CCC4=CC(=O)CC[C@]4(C)[C@H]3CC[C@@]21C,17-Hydroxyprogesterone,training
CC(=O)[C@H]1CC[C@H]2[C@@H]3CC=C4CC(O)(O)CC[C@]4(C)[C@H]3CC[C@]12C,Hydroxypregnenolone,training
CC(=O)[C@H]1CC[C@H]2[C@@H]3CC=C4C[C@@H](O)CC[C@]4(C)[C@H]3CC[C@]12C,Pregnenolone,training
CC(=O)[C@H]1CC[C@H]2[C@@H]3CCC4=CC(=O)CC[C@]4(C)[C@H]3CC[C@]12C,Progesterone,training
CC(=O)c1ccccc1,Acetophenone,held-out
CC(C(=O)O)c1ccc(-c2ccccc2)c(F)c1,Flurbiprofen,training
CC(C(=O)O)c1ccc2c(c1)Cc1cccnc1O2,Pranoprofen,held-out
CC(C(=O)O)c1cccc(C(=O)c2ccccc2)c1,Ketoprofen,held-out
CC(C(=O)OC[C@H]1OC(O)[C@@H](O)[C@@H](O)[C@@H]1O)c1ccc(-c2ccccc2)c(F)c1,Flurbiprofen mannoside,training
CC(C(=O)OC[C@H]1OC(O)[C@@H](O)[C@@H](O)[C@@H]1O)c1cccc(C(=O)c2ccccc2)c1,Ketoprofen mannoside,training
CC(C(=O)OC[C@H]1OC(O)[C@H](O)[C@@H](O)[C@@H]1O)c1ccc(-c2ccccc2)c(F)c1,Flurbiprofen glucoside,held-out
CC(C(=O)OC[C@H]1OC(O)[C@H](O)[C@@H](O)[C@@H]1O)c1cccc(C(=O)c2ccccc2)c1,Ketoprofen glucoside,training
CC(C)(C)c1ccccc1O,o-t-Butylphenol,training
CC(C)(c1cc(Br)c(O)c(Br)c1)c1cc(Br)c(O)c(Br)c1,Tetrabromobisphenol A,training
CC(C)(c1ccc(O)cc1)c1ccc(O)cc1,Bisphenol A,training
CC(C)(c1ccc(OCC2CO2)cc1)c1ccc(OCC2CO2)cc1,Bisphenol A diglycidyl ether,training
CC(C)=CCC/C(C)=C/CO,Geraniol,training
CC(C)CCC(=O)O,4-Methylvaleric acid,training
CC(C)Cc1ccc(C(C)C(=O)O)cc1,Ibuprofen,training
CC(C)Cc1ccc(C(C)C(=O)OC[C@H]2OC(O)[C@@H](O)[C@@H](O)[C@@H]2O)cc1,Ibuprofen mannoside,training
CC(C)Cc1ccc(C(C)C(=O)OC[C@H]2OC(O)[C@H](O)[C@@H](O)[C@@H]2O)cc1,Ibuprofen glucoside,training
CC(C)NCC(O)COc1ccc(CC(N)=O)cc1,Atenolol,training
CC(C)NCC(O)COc1ccc(COCCOC(C)C)cc1,Bisoprolol Fumarate,training
CC(C)NCC(O)COc1cccc2ccccc12,Propranolol-HCl,training
CC(C)OCCO,Ethylene glycol mono isopropyl ether,training
CC(C)[C@H](NC(=O)[C@@H]1CCCN1C(=O)[C@H](C)NC(=O)[C@H](C)N)C(=O)O,AAPV,training
CC(N)Cc1ccccc1,Amphetamine,training
CC(O)C(C)O,"2,3-Butanediol",training
CC(O)COC(=O)c1cccnc1,2-Hydroxypropyl Nicotinate,training
CC/C=C/C/C=C/C/C=C/CCCCCCCC(=O)O,Linolenic acid,training
CC1(C)O[C@@H]2C[C@H]3[C@@H]4CCC5=CC(=O)C=C[C@]5(C)[C@@]4(F)[C@@H](O)C[C@]3(C)[C@]2(C(=O)CO)O1,Triamcinolone acetonide,training
CC12CCC(=O)C=C1CCC1C2CCC2(C)C1CCC2(O)C(=O)CO,Cortexolone,training
CC1=C2C(=CO[C@H](C)[C@H]2C)C(=O)C(C(=O)O)=C1O,Citrinin,held-out
CC1=CC(=O)C(C(C)C)=CC1=O,Thymoquinone,training
CCC(=O)N(c1ccccc1)C1(COC)CCN(CCc2cccs2)CC1,Sufentanil,training
CCC(=O)N(c1ccccc1)C1CCN(CCc2ccccc2)CC1,Fentanyl,training
CCC(=O)OCC(=O)[C@@]1(O)CC[C@H]2[C@@H]3CCC4=CC(=O)CC[C@]4(C)[C@H]3[C@@H](O)C[C@@]21C,Hydrocortisone 21-propionate,held-out
CCC(C)=O,Butan-2-one,training
CCC1(CC)C(=O)NC(=O)NC1=O,Barbital,training
CCC1(CCC(C)C)C(=O)NC(=O)NC1=O,Amobarbital,training
CCC1(c2ccccc2)C(=O)NC(=O)NC1=O,Phenobarbital,training
CCCC(C)(O)C1CC23C=CC1(OC)C1Oc4c(O)ccc5c4C12CCN(C)C3C5,Etorphine,training
CCCCC(=O)OC1(C(=O)CO)C(C)CC2C3CCC4=CC(=O)C=CC4(C)C3(F)C(O)CC21C,Betamethasone-17-valerate,held-out
CCCCC(CC)CO,2-Ethylhexanol,held-out
CCCCC(CC)COC(=O)c1ccccc1C(=O)OCC(CC)CCCC,Bis(2-ethylhexyl)phthalate,held-out
CCCCC/C=C/C=C/C(=O)NCC(C)C,Pellitorine,held-out
CCCCC1(CC)C(=O)NC(=O)NC1=O,Butobarbital,held-out
CCCCCC(=O)Nc1ccn([C@@H]2O[C@H](CO)[C@H](O)[C@@H]2O)c(=O)n1,"N4-hexanoyl-4-amino-1-[(2R,3S,4R,5R)-3,4-dihydroxy-5 (hydroxymethyl)oxolan-2-yl] pyrimidin-2-one",training
CCCCCC(=O)OCC(=O)[C@@]1(O)CC[C@H]2[C@@H]3CCC4=CC(=O)CC[C@]4(C)[C@H]3[C@@H](O)C[C@@]21C,Hydrocortisone 21-Hexanoate,training
CCCCCCCC(=O)OCC(=O)[C@@]1(O)CC[C@H]2[C@@H]3CCC4=CC(=O)CC[C@]4(C)[C@H]3[C@@H](O)C[C@@]21C,Hydrocortisone 21-octanoate,held-out
CCCCCCCCC(N)C(=O)N(C)[C@@H](C)C(=O)N[C@@H](C)C(=O)N1CCC[C@H]1C(=O)N[C@H](C(=O)O)C(C)C,"C8(D,L)-Laa-AAPV",held-out
CCCCCCCCC=CCCCCCCCC(=O)O,Oleic acid,training
CCCCCCCCCCC(N)C(=O)N(C)[C@@H](C)C(=O)N[C@@H](C)C(=O)N1CCC[C@H]1C(=O)N[C@H](C(=O)O)C(C)C,"C10(D,L)-Laa-AAPV",training
CCCCCCCCCCCCOCC1CO1,1-Dodecyl glycidyl ether,held-out
CCCCCCCCCCO,1-Decanol,held-out
CCCCCCCCCO,1-Nonanol,training
CCCCCCCCN1CCCC1=O,1-Octyl-2-Pyrrolidone,training
CCCCCCCCN1CCCCCC1=O,1-Octyl-2-Azacycloheptanone,training
CCCCCCCCO,1-Octanol,training
CCCCCCCCOC(=O)c1ccc(O)cc1,Octylparaben,training
CCCCCCCC[C@@H](N)C(=O)N(C)[C@@H](C)C(=O)N[C@@H](C)C(=O)N1CCC[C@H]1C(=O)N[C@H](C(=O)O)C(C)C,C8(D)-Laa-AAPV,held-out
CCCCCCCC[C@H](N)C(=O)N(C)[C@@H](C)C(=O)N[C@@H](C)C(=O)N1CCC[C@H]1C(=O)N[C@H](C(=O)O)C(C)C,C8(L)-Laa-AAPV,training
CCCCCCCO,1-Heptanol,held-out
CCCCCCN1CCCC1=O,1-Hexyl-2-Pyrrolidone,training
CCCCCCO,1-Hexanol,training
CCCCCCOC(=O)c1cccnc1,n-Hexyl nicotinate,training
CCCCCC[C@@H](N)C(=O)N(C)[C@@H](C)C(=O)N[C@@H](C)C(=O)N1CCC[C@H]1C(=O)N[C@H](C(=O)O)C(C)C,C6(D)-Laa-AAPV,training
CCCCCC[C@H](N)C(=O)N(C)[C@@H](C)C(=O)N[C@@H](C)C(=O)N1CCC[C@H]1C(=O)N[C@H](C(=O)O)C(C)C,C6(L)-Laa-AAPV,training
CCCCCO,1-Pentanol,training
CCCCO,1-Butanol,held-out
CCCCOC(=O)c1ccc(N)cc1,Butyl p-aminobenzoate,training
CCCCOC(=O)c1ccc(O)cc1,Butyl 4-hydroxybenzoat,training
CCCCOC(=O)c1ccccc1C(=O)OCCCC,Dibutyl Phthalate,training
CCCCOC(=O)c1cccnc1,Butyl nicotinate,held-out
CCCCOC(C)O,Butoxyethanol,training
CCCCOCC(C)O,Propylene glycol n-butyl ether,training
CCCCOCCO,2-Butoxyethanol,training
CCCCOCCOCCO,Diethylene glycol monobutyl ether,training
CCCCOCCOCCOC(C)=O,Diethylene glycol mono n-butyl ether acetate,training
CCCC[C@@H](C)[C@@H](OC(=O)C[C@@H](CC(=O)O)C(=O)O)[C@H](C[C@@H](C)C[C@H](O)CCCC[C@@H](O)C[C@H](O)[C@H](C)N)OC(=O)C[C@@H](CC(=O)O)C(=O)O,Fumonisin B1,held-out
CCCCc1ccc(O)cc1,p-n-Butylphenol,training
CCCO,1-Propanol,held-out
CCCOC(=O)c1ccc(N)cc1,n-Propyl p-aminobenzoate,training
CCCOC(=O)c1ccc(O)cc1,Propylparaben,held-out
CCCOCCO,2-Propoxyethanol,training
CCCOc1ccc(O)cc1,4-Propoxyphenol,training
CCN(C)C,Dimethylethylamine,training
CCN(CC)C(=O)N1CCN(C)CC1,Diethylcarbamazine,training
CCN(CC)C(=O)Nc1ccc(OCC(O)CNC(C)(C)C)c(C(C)=O)c1,Celiprolol Hydrochloride,training
CCN(CC)C(=O)c1cccc(C)c1,"N,N-Diethyl-m-toluamide",training
CCN(CC)CC(=O)Nc1c(C)cccc1C,Lidocaine,training
CCNc1nc(Cl)nc(NCC)n1,Simazine,training
CCO,Ethanol,training
CCOC(=O)/C=C\C(=O)OCC,Diethyl maleate,held-out
CCOC(=O)C1(c2ccccc2)CCN(C)CC1,Meperidine,training
CCOC(=O)CC(SP(=S)(OC)OC)C(=O)OCC,Malathion,training
CCOC(=O)c1ccc(N)cc1,Ethyl p-aminobenzoate,held-out
CCOC(=O)c1ccc(O)cc1,Ethylparaben,training
CCOC(=O)c1ccccc1C(=O)OCC,Diethyl Phthalate,training
CCOC(=O)c1cccnc1,Ethyl nicotinate,training
CCOCC,Diethyl ether,training
CCOCCC(=O)OCC,Ethyl 3-ethoxypropionate,training
CCOCCO,2-Ethoxyethanol,training
CCOCCOC(C)=O,2-Ethoxyethyl acetate,held-out
CCOCCOCCO,2-(2-Ethoxyethoxy)ethanol,training
CCOP(=S)(OCC)Oc1cc(C)nc(C(C)C)n1,Diazinon,held-out
CCOP(=S)(OCC)Oc1ccc([N+](=O)[O-])cc1,Parathion,training
CCOP(=S)(OCC)Oc1nc(Cl)c(Cl)cc1Cl,Chlorpyrifos,training
CCOc1ccc2ccc(=O)oc2c1,7-Ethoxycoumarin,training
CCc1ccc(O)cc1,p-Ethylphenol,training
CCc1cccc2c3c([nH]c12)C(CC)(CC(=O)O)OCC3,Etodolac,held-out
CN(C)C,Trimethylamine,training
CN(C)C(=O)CCC(=O)OCC(=O)[C@@]1(O)CC[C@H]2[C@@H]3CCC4=CC(=O)CC[C@]4(C)[C@H]3[C@@H](O)C[C@@]21C,"Hydrocortisone 21-(N,N-dimethylsuccinamate)",training
CN(C)C(=S)SSC(=S)N(C)C,Tetramethyl thiuram disulfide,training
CN(C)CCC(c1ccc(Cl)cc1)c1ccccn1,Chlorpheniramine,training
CN(C)CCCN1c2ccccc2Sc2ccc(Cl)cc21,Chlorpromazine hydrochloride,training
CN(CC=CC#CC(C)(C)C)Cc1cccc2ccccc12,Terbinafine,training
CN(Cc1cnc2nc(N)nc(N)c2n1)c1ccc(C(=O)N[C@@H](CCC(=O)O)C(=O)O)cc1,Methotrexate,training
CN1C2CCC1CC(OC(=O)C(CO)c1ccccc1)C2,Atropine,training
CN1CCCC1c1cccnc1,Nicotine,training
CN1CC[C@]23c4c5ccc(O)c4O[C@H]2C(=O)CC[C@@]3(O)[C@H]1C5,Oxymorphone,held-out
CN1CC[C@]23c4c5ccc(O)c4O[C@H]2C(=O)CC[C@H]3[C@H]1C5,Hydromorphone,training
CN1CC[C@]23c4c5ccc(O)c4O[C@H]2[C@@H](O)C=C[C@H]3[C@H]1C5,Morphine,training
CN1CC[C@]23c4c5ccc(O)c4O[C@H]2[C@@H](O)CC[C@H]3[C@H]1C5,Dihydromorphine,held-out
CN1[C@@H]2CC(OC(=O)[C@H](CO)c3ccccc3)C[C@H]1[C@@H]1O[C@@H]12,Scopolamine,training
CNC(=C[N+](=O)[O-])NCCSCc1ccc(CN(C)C)o1,Ranitidine,training
CNC(=C[N+](=O)[O-])NCCSCc1csc(CN(C)C)n1,Nizatidine,training
CNC(=O)Oc1ccccc1OC(C)C,Propoxur,training
CNCCC=C1c2ccccc2CCc2ccccc21,Nortriptyline hydrocloride,training
CN[C@@H](C)[C@H](O)c1ccccc1,Ephedrine,training
CO,Methanol,training
COC(=O)CCC(=O)OCC(=O)[C@@]1(O)CC[C@H]2[C@@H]3CCC4=CC(=O)CC[C@]4(C)[C@H]3[C@@H](O)C[C@@]21C,Hydrocortisone 21-methylsuccinate,training
COC(=O)CCCCCC(=O)OCC(=O)[C@@]1(O)CC[C@H]2[C@@H]3CCC4=CC(=O)CC[C@]4(C)[C@H]3[C@@H](O)C[C@@]21C,Hydrocortisone 21-methylpimelate,training
COC(=O)Cc1ccc(O)cc1,Methyl 4-hydroxyphenylacetate,training
COC(=O)Nc1nc2ccccc2[nH]1,Carbendazim,held-out
COC(=O)c1ccc(N)cc1,Methyl p-aminobenzoate,training
COC(=O)c1ccc(O)cc1,Methyl 4-hydroxybenzoate,held-out
COC(=O)c1ccccc1C(=O)OC,Dimethyl Phthalate,training
COC(=O)c1ccccc1O,Methyl salicylate,training
COC(=O)c1cccnc1,Methyl nicotinate,held-out
COC(C)COC(C)CO,Dipropylene glycol mono methyl ether,training
COCC(C)O,1-Methoxy-2-Propanol,training
COCCO,2-Methoxyethanol,training
COCCOC(C)=O,Ethylene glycol mono methyl ether acetate,training
COCCOCCO,2-(2-Methoxyethoxy)ethanol,held-out
COCCOCCOCCOC(=O)c1cccnc1,Methyltriglycol nicotinate,training
COCCc1ccc(OCC(O)CNC(C)C)cc1,Metoprolol,training
COP(=O)(OC)OC=C(Cl)Cl,Dichlorvos,training
COS(C)(=O)=O,Methyl methanesulfonate,training
COc1cc(C=O)ccc1O,Vanillin,training
COc1cc2c(c3oc(=O)c4c(c13)CCC4=O)[C@@H]1C=CO[C@@H]1O2,Aflatoxin B1,held-out
COc1cc2nc(N3CCN(C(=O)c4ccco4)CC3)nc(N)c2cc1OC,Prazosin hydrochloride,training
COc1ccc(Cc2nccc3cc(OC)c(OC)cc23)cc1OC,Papaverine hydrochloride,training
COc1ccc2c(c1)c(CC(=O)O)c(C)n2C(=O)c1ccc(Cl)cc1,Indomethacin,training
COc1ccc2c3c1OC1C(O)C=CC4C(C2)N(C)CCC341,Codeine,training
COc1ccc2c3c1O[C@H]1C(=O)CC[C@@]4(O)[C@@H](C2)N(C)CC[C@]314,Oxycodone,training
COc1ccc2c3c1O[C@H]1C(=O)CC[C@H]4[C@@H](C2)N(C)CC[C@]314,Hydrocodone,training
COc1ccc2c3c1O[C@H]1[C@@H](O)CC[C@H]4[C@@H](C2)N(C)CC[C@@]341,Dihydrocodeine,training
COc1ccc2cc(C(C)C(=O)O)ccc2c1,Naproxen,training
COc1ccc2cc([C@H](C)C(=O)OC[C@H]3OC(O)[C@@H](O)[C@@H](O)[C@@H]3O)ccc2c1,Naproxen mannoside,training
COc1ccc2cc([C@H](C)C(=O)OC[C@H]3OC(O)[C@H](O)[C@@H](O)[C@@H]3O)ccc2c1,Naproxen glucoside,training
COc1ccccc1N=Nc1c(O)ccc2ccc([N+](C)(C)C)cc12,Basic Red 76 (chloride salt),training
CS(=O)(=O)Nc1ccc([N+](=O)[O-])cc1Oc1ccccc1,Nimesulide,training
C[C@@H]1CC(=O)NN=C1c1ccc(NN=C(C#N)C#N)cc1,Levosimendan,training
C[C@@H]1C[C@H]2[C@@H]3CCC4=CC(=O)C=C[C@]4(C)[C@@]3(F)[C@@H](O)C[C@]2(C)[C@@]1(O)C(=O)CO,Dexamethasone,held-out
C[C@@H]1Cc2c(Cl)cc(C(=O)N[C@@H](Cc3ccccc3)C(=O)O)c(O)c2C(=O)O1,Ochratoxin A,training
C[C@@H]1O[C@@H](O[C@H]2C[C@@H](O)[C@]3(CO)C4C(CC[C@]3(O)C2)[C@@]2(O)CC[C@H](C3=CC(=O)OC3)[C@@]2(C)C[C@H]4O)[C@H](O)[C@H](O)[C@H]1O,Ouabain,training
C[C@H](N)C(=O)N[C@@H](Cc1c[nH]c2ccccc12)C(=O)O,L-alanyl-L-tryptophan,training
C[C@H]1CCCC(=O)CCC/C=C/c2cc(O)cc(O)c2C(=O)O1,Zearalenone,training
C[C@H]1C[C@H]2[C@@H]3CCC4=CC(=O)C=C[C@]4(C)[C@@]3(F)[C@@H](O)C[C@]2(C)[C@@]1(O)C(=O)CO,Betamethasone,held-out
C[C@H]1O[C@@H](O[C@H]2[C@@H](O)C[C@H](O[C@H]3[C@@H](O)C[C@H](O[C@H]4CC[C@@]5(C)[C@H](CC[C@@H]6[C@@H]5CC[C@]5(C)[C@H](C7=CC(=O)OC7)CC[C@]65O)C4)O[C@@H]3C)O[C@@H]2C)C[C@H](O)[C@@H]1O,Digitoxin,training
C[C@]12C=CC(=O)C=C1CC[C@@H]1[C@@H]2[C@@H](O)C[C@@]2(C)[C@H]1CC[C@]2(O)C(=O)CO,Prednisolone,training
C[C@]12C=CC(=O)C=C1CC[C@H]1[C@@H]3C[C@@H](O)[C@](O)(C(=O)CO)[C@@]3(C)C[C@H](O)[C@@]12F,Triamcinolone,training
C[C@]12CCC(=O)C=C1CC[C@@H]1[C@@H]2C(=O)C[C@@]2(C)[C@H]1CC[C@]2(O)C(=O)CO,Cortisone,held-out
C[C@]12CCC(=O)C=C1CC[C@@H]1[C@@H]2[C@@H](O)C[C@@]2(C)[C@H]1CC[C@]2(O)C(=O)CO,Hydrocortisone,held-out
C[C@]12CCC(=O)C=C1CC[C@@H]1[C@@H]2[C@@H](O)C[C@@]2(C)[C@H]1CC[C@]2(O)C(=O)COC(=O)CCC(=O)O,Hydrocortisone 21-Hemisuccinate,training
C[C@]12CCC(=O)C=C1CC[C@@H]1[C@@H]2[C@@H](O)C[C@@]2(C)[C@H]1CC[C@]2(O)C(=O)COC(=O)CCC(N)=O,Hydrocortisone 21-succinamate,training
C[C@]12CCC(=O)C=C1CC[C@@H]1[C@@H]2[C@@H](O)C[C@@]2(C)[C@H]1CC[C@]2(O)C(=O)COC(=O)CCCCCC(=O)O,Hydrocortisone 21-Hemipimelate,training
C[C@]12CCC(=O)C=C1CC[C@@H]1[C@@H]2[C@@H](O)C[C@@]2(C)[C@H]1CC[C@]2(O)C(=O)COC(=O)CCCCCC(N)=O,Hydrocortisone 21-pimelamate,training
C[C@]12CCC(=O)C=C1CC[C@@H]1[C@@H]2[C@@H](O)C[C@@]2(C)[C@H]1CC[C@]2(O)C(=O)COC(=O)CCCCCO,Hydrocortisone 21-(6-hydroxyhexanoate),training
C[C@]12CCC(=O)C=C1CC[C@@H]1[C@@H]2[C@@H](O)C[C@]2(C=O)[C@@H](C(=O)CO)CC[C@@H]12,Aldosterone,training
C[C@]12CC[C@@H]3c4ccc(O)cc4CC[C@H]3[C@@H]1CCC2=O,Estrone,training
C[C@]12CC[C@@H]3c4ccc(O)cc4CC[C@H]3[C@@H]1CC[C@@H]2O,Estradiol,training
C[C@]12CC[C@@H]3c4ccc(O)cc4CC[C@H]3[C@@H]1C[C@@H](O)[C@@H]2O,Estriol,held-out
C[C@]12CC[C@H]3[C@@H](CCC4=CC(=O)CC[C@@]43C)[C@@H]1CC[C@@H]2C(=O)CO,Cortexone,held-out
C[C@]12CC[C@H]3[C@@H](CCC4=CC(=O)CC[C@@]43C)[C@@H]1CC[C@@H]2O,Testosterone,training
C[C@]12C[C@H](O)[C@H]3[C@@H](CCC4=CC(=O)CC[C@@]43C)[C@@H]1CC[C@@H]2C(=O)CO,Corticosterone,training
C[n+]1ccc(-c2cc[n+](C)cc2)cc1,Paraquat,training
Cc1c(N(C)C)c(=O)n(-c2ccccc2)n1C,Aminopyrine,training
Cc1c(O)cccc1Cl,Chlorocresol,training
Cc1cc(-c2cc(C)c(OCC3CO3)c(C)c2)cc(C)c1OCC1CO1,Epikote YX4000,training
Cc1cc(N)ccc1N,"2,5-Diaminotoluene",training
Cc1ccc(C#N)cc1,p-Tolunitrile,training
Cc1ccc(C(C)C)c(O)c1,Thymol,held-out
Cc1ccc(C(C)C)cc1O,Carvacrol,held-out
Cc1ccc(Cl)c(O)c1C,Chloroxylenol,training
Cc1ccc(O)cc1,p-Cresol,training
Cc1ccc(O)cc1C,"3,4-Xylenol",training
Cc1ccc2oc(=O)ccc2c1,6-Methylcoumarin,training
Cc1cccc(O)c1,m-Cresol,training
Cc1ccccc1,Toluene,training
Cc1ccccc1O,o-Cresol,training
Cc1ccccc1OCC1CO1,o-Cresyl glycidyl ether,training
ClC(Br)Br,Chlorodibromomethane,training
ClC(Cl)Br,Bromodichloromethane,training
ClC(Cl)Cl,Chloroform,training
ClC1C(Cl)C(Cl)C(Cl)C(Cl)C1Cl,Lindane,training
Clc1ccc(COC(Cn2ccnc2)c2ccc(Cl)cc2Cl)c(Cl)c1,Miconazole,training
Clc1cccc(Cl)c1NC1=NCCN1,Clonidine hydrochloride,training
Clc1ccccc1C(c1ccccc1)(c1ccccc1)n1ccnc1,Clotrimazole,training
Cn1c(=O)c2[nH]cnc2n(C)c1=O,Theophylline,training
Cn1c(=O)c2c(ncn2C)n(C)c1=O,Caffeine,training
Cn1c(N)nc2c3cccnc3ccc21,"3-Methyl-3H-imidazo[4,5-f]quinolin-2-amine",training
N#CC(Br)Br,Dibromoacetonitrile,held-out
N#CC(Cl)(Cl)Cl,Trichloroacetonitrile,training
N#CC(Cl)Br,Bromochloroacetonitrile,training
N#CC(Cl)Cl,Dichloroacetonitrile,training
N#CCCl,Chloroacetonitrile,training
N#Cc1ccc(O)cc1,4-Cyanophenol,training
N=c1nc(N2CCCCC2)cc(N)n1O,Minoxidil,training
NC(=O)Cc1ccc(O)cc1,4-Hydroxyphenylacetamide,training
NC(=O)c1cccnc1,Niacinamide,training
NC(CC(=O)O)C(=O)O,Aspartic acid,training
NC(N)=Nc1nc(CSCCC(N)=NS(N)(=O)=O)cs1,Famotidine,training
NC(N)=O,Urea,training
NCC(=O)CCC(=O)O,5-Aminolevulinic acid,training
NCCCC[C@H](N)C(=O)O,Lysine,held-out
NCCO,Ethanolamine,training
N[C@@H](Cc1c[nH]cn1)C(=O)O,Histidine,training
Nc1cc([N+](=O)[O-])ccc1O,2-Amino-4-Nitrophenol,held-out
Nc1ccc(Cc2ccc(N)cc2)cc1,"4,4'-Methylenedianiline",training
Nc1ccc(Cl)c(N)c1,4-Chloro-m-Phenylenediamine,held-out
Nc1ccc(Cl)cc1,p-Chloroaniline,training
Nc1ccc(N)c([N+](=O)[O-])c1,2-Nitro-p-Phenylenediamine,training
Nc1ccc(N)cc1,p-Phenylenediamine,held-out
Nc1ccc(NCCO)c([N+](=O)[O-])c1,HC Red No. 3,training
Nc1ccc(O)c([N+](=O)[O-])c1,4-Amino-2-Nitrophenol,training
Nc1ccc(O)cc1,p-Aminophenol,held-out
Nc1ccc(O)cc1[N+](=O)[O-],4-Amino-3-nitrophenol,held-out
Nc1ccc([N+](=O)[O-])cc1N,4-Nitro-o-phenylenediamine,held-out
Nc1ccccc1N,o-Phenylenediamine,training
Nc1ccn([C@@H]2O[C@H](CO)[C@@H](O)[C@@H]2O)c(=O)n1,Cytarabine,training
Nc1nc(=O)c2ncn(COCCO)c2[nH]1,Acyclovir,held-out
O=C(CCCN1CCC(O)(c2ccc(Cl)cc2)CC1)c1ccc(F)cc1,Haloperidol,training
O=C(NCCO[N+](=O)[O-])c1cccnc1,Nicorandil,training
O=C(O)/C=C/c1ccccc1,trans-Cinnamic acid,training
O=C(O)C(Br)Br,Dibromoacetic acid,training
O=C(O)C(Cl)(Cl)Cl,Trichloroacetic acid,held-out
O=C(O)C(Cl)Br,Bromochloroacetic acid,training
O=C(O)C(Cl)Cl,Dichloroacetic acid,training
O=C(O)C(F)(F)C(F)(F)C(F)(F)C(F)(F)C(F)(F)C(F)(F)C(F)(F)F,Perfluorooctanoic acid,training
O=C(O)CBr,Bromoacetic acid,training
O=C(O)CCCCl,4-Chlorobutyric acid,training
O=C(O)CCl,Chloroacetic acid,training
O=C(O)CN(CC(=O)O)Cc1cc2c(cc1O)Oc1cc(O)c(CN(CC(=O)O)CC(=O)O)cc1C21OC(=O)c2ccccc21,Calcein,training
O=C(O)CNCP(=O)(O)O,Glyphosate,held-out
O=C(O)CS,Thioglycolic acid,training
O=C(O)Cc1ccc(O)cc1,4-Hydroxyphenylacetic acid,training
O=C(O)Cc1ccccc1Nc1c(Cl)cccc1Cl,Diclofenac,training
O=C(O)c1ccccc1,Benzoic acid,training
O=C(O)c1ccccc1Nc1cccc(C(F)(F)F)c1,Flufenamic acid,held-out
O=C(O)c1ccccc1O,Salicylic acid,training
O=C(O)c1ccncc1,Isonicotinic acid,training
O=C(OCCOCCOCCO)c1cccnc1,Triglycol nicotinate,held-out
O=C(OCc1ccccc1)c1cccnc1,Benzyl nicotinate,training
O=C(c1ccccc1)c1ccc2n1CCC2C(=O)O,Ketorolac,training
O=C(c1ccccc1)c1ccccc1,Benzophenone,training
O=C/C=C/c1ccccc1,trans-Cinnamaldehyde,held-out
O=C=Nc1ccc(Br)cc1,4-Bromophenyl isocyanate,training
O=NN(CCO)CCO,n-Nitrosodiethanolamine,training
O=P1(N(CCCl)CCCl)NCCCO1,Cyclophosphamide monohydrate,training
O=S(=O)(c1ccc(O)cc1)c1ccc(O)cc1,Bisphenol S,training
O=[N+]([O-])OCC(CO[N+](=O)[O-])O[N+](=O)[O-],Nitroglycerin,training
O=[N+]([O-])O[C@@H]1CO[C@H]2[C@@H]1OC[C@@H]2O,Isosorbide 5-mononitrate,training
O=[N+]([O-])O[C@H]1CO[C@H]2[C@@H]1OC[C@H]2O[N+](=O)[O-],Isosorbide dinitrate,training
O=[N+]([O-])c1ccc(Cl)c([N+](=O)[O-])c1,"2,4-Dinitrochlorobenzene",training
O=[N+]([O-])c1ccc(O)cc1,p-Nitrophenol,training
O=[N+]([O-])c1cccc(O)c1,m-Nitrophenol,training
O=[N+]([O-])c1ccccc1,Nitrobenzene,training
O=c1[nH]cc(F)c(=O)[nH]1,5-Fluorouracil,training
OC(O)C(Cl)(Cl)Cl,Chloral hydrate,training
OC/C=C/c1ccccc1,Cinnamyl alcohol,training
OCCOc1ccccc1,2-phenoxyethanol,training
OCCc1ccccc1,2-Phenylethanol,held-out
OC[C@@H](O)[C@@H](O)[C@H](O)[C@H](O)CO,Mannitol,training
OC[C@H]1O[C@@](CO)(O[C@H]2O[C@H](CO)[C@@H](O)[C@H](O)[C@H]2O)[C@@H](O)[C@@H]1O,Sucrose,training
OC[C@H]1O[C@H](OC[C@H]2O[C@H](O[C@]3(CO)O[C@H](CO)[C@@H](O)[C@@H]3O)[C@H](O)[C@@H](O)[C@@H]2O)[C@H](O)[C@@H](O)[C@H]1O,Raffinose,training
OCc1ccc(O)cc1,4-Hydroxybenzyl alcohol,training
Oc1c(Cl)cc(Cl)cc1Cl,"2,4,6-Trichlorophenol",training
Oc1cc(Cl)ccc1Oc1ccc(Cl)cc1Cl,Triclosan,training
Oc1cc(O)cc(O)c1,Phloroglucinol,training
Oc1ccc(Br)cc1,p-Bromophenol,training
Oc1ccc(Cl)cc1,p-Chlorophenol,training
Oc1ccc(Cl)cc1Cl,"2,4-Dichlorophenol",training
Oc1ccc(O)c(O)c1,"1,2,4-Benzenetriol",held-out
Oc1ccc(O)cc1,Hydroquinone,held-out
Oc1ccc2ccccc2c1,2-Naphthol,training
Oc1cccc(O)c1,Resorcinol,training
Oc1cccc(O)c1O,Pyrogallol,training
Oc1cccc2ccccc12,Naphthol,training
Oc1ccccc1,Phenol,training
Oc1ccccc1-c1ccccc1,2-Phenylphenol,training
Oc1ccccc1Cl,o-Chlorophenol,training
Oc1ccccc1O,Catechol,training
c1ccc2ccccc2c1,Naphthalene,training
c1ccc2cnccc2c1,Isoquinoline,training
c1ccccc1,Benzene,training
